Customer_ID,Age,Gender,Membership,Total_Orders,Average_Order_Value,Total_Spend,Days_Since_Last_Purchase,Average_Orders_Per_Month,Wishlist_Items,Cart_Abandonment_Rate,Coupons_Used,Return_Rate,App_Sessions_Per_Month,Average_Session_Duration,Customer_Support_Tickets,Product_Categories_Purchased,Payment_Method,Preferred_Shopping_Time,Churn
CUST00001,40,Male,Basic,1,390.46,369.79,365,0.05,3,67.7,0,17.2,3,5.4,2,1,Credit Card,Afternoon,1
CUST00002,33,Male,Basic,1,721.68,678.51,216,0.05,2,57.6,0,35.7,2,6.4,2,2,Credit Card,Night,1
CUST00003,42,Female,Basic,1,800.94,856.38,13,0.58,3,46.8,1,27.5,10,11.5,1,4,Net Banking,Night,0
CUST00004,51,Female,Basic,5,535.04,2720.12,26,0.3,0,60.2,0,1.2,0,3.1,0,1,UPI,Afternoon,0
CUST00005,32,Male,Gold,7,1622.31,11645.96,58,1.21,0,46.3,2,5.9,7,13.3,2,2,Debit Card,Morning,0
CUST00006,32,Female,Silver,8,853.29,6719.06,47,1.14,4,57.6,1,18.3,5,8.4,3,3,Cash on Delivery,Night,0
CUST00007,52,Male,Silver,22,901.05,21120.26,18,1.31,4,39.8,6,15.7,4,6.7,0,4,Credit Card,Night,0
CUST00008,43,Female,Basic,12,197.22,2418.87,71,0.4,5,44.5,5,13.0,1,4.6,1,2,Debit Card,Morning,0
CUST00009,29,Female,Platinum,39,2438.54,99198.88,10,1.98,7,59.9,12,4.8,14,12.7,1,4,Credit Card,Morning,0
CUST00010,40,Female,Basic,2,826.43,1618.1,22,0.68,3,81.9,2,10.8,5,8.8,2,1,Wallet,Night,0
CUST00011,29,Female,Basic,1,535.08,574.46,365,0.05,0,81.5,0,20.2,1,13.6,1,1,UPI,Afternoon,1
CUST00012,29,Female,Silver,21,963.97,21281.32,4,0.98,5,51.3,7,10.4,1,4.8,1,2,UPI,Night,0
CUST00013,37,Male,Basic,9,512.42,4872.95,239,0.69,4,67.1,2,47.5,2,6.8,2,2,Net Banking,Afternoon,1
CUST00014,18,Female,Basic,18,715.6,12205.22,17,0.74,5,45.9,5,22.9,4,8.6,1,1,Credit Card,Night,0
CUST00015,18,Male,Silver,2,892.4,1719.39,93,0.22,1,64.3,1,3.7,5,5.6,1,1,Cash on Delivery,Morning,1
CUST00016,28,Female,Gold,26,1105.52,27757.62,168,1.13,4,43.9,4,23.7,1,9.4,2,7,Debit Card,Afternoon,0
CUST00017,23,Female,Silver,15,1304.46,18849.68,37,0.59,3,70.3,4,9.7,4,9.8,2,3,Debit Card,Night,0
CUST00018,38,Female,Gold,30,1890.15,59929.02,3,1.43,2,62.0,7,32.8,13,11.4,2,6,UPI,Afternoon,0
CUST00019,25,Male,Platinum,31,2159.63,61934.19,10,2.27,6,66.8,10,17.9,15,16.0,0,8,Net Banking,Morning,0
CUST00020,19,Female,Basic,15,740.6,10355.54,8,1.02,4,49.1,2,7.6,0,4.7,0,4,Debit Card,Night,0
CUST00021,51,Female,Basic,12,747.81,8649.11,19,0.33,1,76.3,8,70.2,8,9.6,0,2,Debit Card,Morning,1
CUST00022,32,Female,Basic,6,766.9,4380.44,6,0.33,2,63.5,3,4.4,6,6.1,1,6,UPI,Morning,1
CUST00023,35,Male,Silver,5,499.33,2389.54,33,1.3,3,50.5,2,24.0,10,11.1,0,5,Cash on Delivery,Afternoon,0
CUST00024,19,Male,Silver,15,1217.76,19137.18,17,1.0,4,56.0,6,7.8,4,10.7,1,5,Credit Card,Evening,0
CUST00025,29,Male,Platinum,15,2185.26,33109.98,12,2.54,6,60.0,3,15.9,16,7.6,2,4,UPI,Evening,0
CUST00026,36,Male,Gold,8,1349.71,9943.84,119,1.5,6,46.4,2,10.3,7,6.6,1,1,Cash on Delivery,Night,0
CUST00027,22,Female,Silver,4,1651.68,6532.01,69,0.5,7,55.1,3,19.4,3,10.4,0,1,Net Banking,Evening,1
CUST00028,39,Male,Basic,1,704.94,694.55,254,0.05,1,34.8,1,4.4,0,8.1,0,1,Credit Card,Afternoon,1
CUST00029,28,Other,Gold,4,1337.74,5020.44,17,0.86,5,51.4,2,29.2,9,8.3,0,4,Cash on Delivery,Afternoon,0
CUST00030,31,Male,Platinum,71,994.55,72603.12,6,2.33,6,44.5,23,18.2,9,13.1,1,7,UPI,Night,0
CUST00031,28,Male,Gold,11,2083.7,23661.85,17,1.82,3,36.3,8,14.3,14,12.7,1,2,UPI,Evening,0
CUST00032,55,Female,Basic,18,405.17,7550.82,18,1.15,5,38.7,4,8.3,9,7.5,0,1,Debit Card,Night,0
CUST00033,34,Female,Silver,14,683.09,9912.85,154,1.2,5,28.2,2,10.0,9,6.5,0,5,UPI,Night,0
CUST00034,23,Female,Basic,12,589.69,6510.24,69,0.91,2,45.7,6,27.0,2,4.7,0,3,Cash on Delivery,Afternoon,0
CUST00035,44,Female,Basic,6,907.79,5842.32,19,0.3,4,74.7,1,3.9,9,8.5,2,1,Wallet,Evening,0
CUST00036,21,Female,Basic,1,790.73,830.48,46,0.1,1,41.5,0,10.4,0,3.1,2,1,UPI,Evening,1
CUST00037,37,Male,Silver,21,908.02,20300.95,25,1.2,5,59.9,13,31.7,7,9.8,0,5,Wallet,Morning,0
CUST00038,18,Other,Silver,4,1032.01,3808.13,10,1.05,0,62.2,2,10.7,9,13.5,0,2,UPI,Morning,0
CUST00039,20,Other,Basic,3,540.73,1734.8,1,0.54,6,85.1,0,20.8,7,7.4,1,1,Debit Card,Night,0
CUST00040,37,Female,Basic,10,675.42,7088.98,104,0.64,2,67.4,5,8.2,9,6.9,0,3,Cash on Delivery,Evening,0
CUST00041,43,Male,Silver,5,969.51,5109.1,8,1.01,3,63.4,1,36.4,8,16.2,0,1,Wallet,Evening,0
CUST00042,36,Female,Basic,1,826.32,772.55,84,0.95,4,56.8,0,37.2,9,14.4,0,1,Credit Card,Evening,0
CUST00043,33,Male,Basic,14,826.03,12006.23,40,0.95,2,52.4,4,20.0,13,6.5,1,6,UPI,Evening,0
CUST00044,31,Male,Silver,2,1081.4,2321.95,40,1.09,5,61.5,0,13.2,9,9.8,0,1,UPI,Morning,0
CUST00045,18,Male,Gold,31,1347.81,42975.72,4,1.7,4,61.4,5,15.9,9,11.2,0,7,Credit Card,Evening,0
CUST00046,27,Male,Basic,6,785.01,4763.24,12,0.68,3,56.6,0,20.3,4,9.5,2,1,Debit Card,Evening,0
CUST00047,29,Female,Basic,4,633.26,2713.65,65,0.34,0,72.8,1,25.1,0,14.8,1,2,UPI,Night,1
CUST00048,46,Female,Basic,9,453.09,4040.58,7,0.76,3,88.5,0,14.9,8,9.2,3,1,Credit Card,Evening,1
CUST00049,38,Female,Platinum,35,2306.41,82006.82,7,1.61,4,48.0,7,61.9,14,10.8,0,5,Wallet,Night,0
CUST00050,18,Male,Silver,16,972.48,15500.77,9,1.27,1,51.0,2,15.5,8,11.9,0,4,Credit Card,Afternoon,0
CUST00051,38,Male,Silver,3,1192.12,3824.04,11,0.48,6,55.0,0,3.7,0,12.7,0,1,UPI,Night,0
CUST00052,30,Male,Basic,5,616.6,2873.89,11,0.6,2,56.8,3,8.2,8,12.0,0,1,Cash on Delivery,Night,0
CUST00053,27,Other,Silver,8,628.35,5027.7,77,0.6,5,69.8,5,19.4,0,10.6,0,1,UPI,Evening,1
CUST00054,41,Male,Basic,14,660.33,9521.15,8,0.69,4,55.5,7,13.5,0,3.4,0,2,Net Banking,Afternoon,1
CUST00055,46,Female,Silver,17,980.18,17441.31,173,0.89,4,55.2,7,17.7,5,7.4,1,3,UPI,Afternoon,0
CUST00056,45,Female,Platinum,37,2735.29,102550.04,19,1.54,3,44.7,13,37.6,9,12.7,6,6,Credit Card,Evening,0
CUST00057,25,Male,Silver,15,1194.69,19092.82,107,1.05,1,57.5,2,1.7,10,10.1,0,4,Credit Card,Evening,0
CUST00058,31,Female,Gold,29,1927.95,59864.47,10,1.2,0,44.4,10,19.8,9,12.3,1,5,Credit Card,Afternoon,0
CUST00059,38,Female,Gold,24,1250.43,27918.33,2,1.71,4,31.6,11,29.8,14,16.7,0,6,Credit Card,Evening,0
CUST00060,45,Female,Basic,13,537.86,6882.96,173,0.5,1,61.4,3,18.4,5,4.5,1,1,UPI,Evening,1
CUST00061,29,Female,Platinum,19,1842.74,32342.51,32,2.24,5,65.8,7,7.3,16,14.7,1,1,Credit Card,Morning,0
CUST00062,32,Male,Basic,4,777.18,3023.87,279,0.16,2,55.2,0,6.2,5,7.0,0,2,Credit Card,Morning,1
CUST00063,22,Male,Silver,13,1335.39,17462.48,42,0.69,1,42.0,2,4.7,1,12.1,0,3,UPI,Morning,0
CUST00064,21,Female,Basic,1,592.66,631.61,33,0.34,5,80.3,0,7.7,4,8.3,1,1,Cash on Delivery,Afternoon,0
CUST00065,43,Female,Basic,10,606.06,6396.65,29,0.8,5,54.1,3,37.7,12,16.4,1,2,Wallet,Afternoon,0
CUST00066,49,Male,Silver,20,1340.16,25205.73,2,1.49,8,59.4,8,12.1,6,10.2,0,8,Wallet,Night,0
CUST00067,34,Female,Basic,5,742.01,3468.47,325,0.22,0,49.5,4,42.7,1,6.0,0,4,Debit Card,Afternoon,1
CUST00068,46,Female,Silver,43,1066.04,46494.44,30,1.28,4,49.9,10,4.3,10,11.0,0,7,UPI,Morning,0
CUST00069,38,Female,Silver,1,633.22,636.47,365,0.14,1,75.7,0,10.0,1,9.3,1,3,Debit Card,Evening,1
CUST00070,27,Male,Basic,3,773.53,2233.85,110,0.08,1,60.9,2,5.4,0,12.1,0,3,Wallet,Night,1
CUST00071,38,Female,Basic,2,480.9,1023.27,3,0.16,2,60.4,0,2.2,1,9.8,0,1,UPI,Afternoon,0
CUST00072,51,Female,Silver,2,648.35,1385.37,55,0.43,5,38.7,0,48.6,9,17.2,1,4,Credit Card,Night,0
CUST00073,34,Male,Basic,1,586.89,577.74,365,0.05,3,69.0,0,60.2,2,7.7,4,5,Credit Card,Morning,1
CUST00074,52,Male,Gold,23,1253.97,30642.4,30,1.54,4,38.2,4,15.1,5,9.5,0,4,UPI,Morning,0
CUST00075,18,Other,Silver,4,891.05,3498.02,8,0.83,0,66.8,1,23.0,3,6.9,3,1,Credit Card,Evening,1
CUST00076,44,Male,Gold,12,894.79,11144.33,6,1.53,5,50.2,5,6.7,19,10.1,1,4,Cash on Delivery,Evening,0
CUST00077,35,Female,Silver,18,1205.05,21607.41,19,1.14,8,54.4,6,6.1,6,10.2,0,5,Net Banking,Evening,0
CUST00078,31,Female,Silver,33,1249.96,38757.81,12,0.99,1,61.3,7,0.6,9,10.2,0,5,UPI,Night,0
CUST00079,36,Male,Silver,25,432.01,11539.74,274,1.13,3,55.5,2,22.1,3,9.6,1,3,Debit Card,Afternoon,0
CUST00080,18,Female,Basic,4,828.08,3287.99,40,0.48,1,76.8,1,30.8,6,6.4,2,1,UPI,Evening,0
CUST00081,32,Male,Basic,1,502.48,521.33,365,0.08,4,78.0,0,11.0,7,5.0,1,1,Debit Card,Evening,1
CUST00082,38,Female,Gold,23,1859.93,41869.26,15,1.77,6,31.2,3,3.1,7,8.8,1,5,Wallet,Night,0
CUST00083,51,Male,Silver,3,931.79,2580.19,64,0.69,0,52.4,1,19.3,8,12.8,0,1,Debit Card,Afternoon,1
CUST00084,29,Female,Gold,40,1512.09,56617.78,11,1.07,2,61.5,15,15.3,4,14.0,1,8,Net Banking,Morning,0
CUST00085,26,Male,Gold,46,1422.26,65384.39,40,1.34,5,38.0,8,19.6,13,9.3,0,8,Credit Card,Evening,0
CUST00086,29,Male,Gold,10,2009.09,20701.55,9,1.08,5,32.5,3,48.1,6,6.0,2,2,Debit Card,Night,0
CUST00087,45,Female,Platinum,14,1697.58,23137.69,12,1.95,5,35.2,5,10.3,9,10.1,0,6,Debit Card,Morning,0
CUST00088,38,Male,Silver,4,1111.69,4585.85,7,1.02,3,50.5,0,21.5,7,16.5,1,1,Wallet,Afternoon,0
CUST00089,29,Female,Basic,9,850.44,7897.22,31,0.62,0,6.2,2,3.8,4,12.2,0,1,Debit Card,Afternoon,0
CUST00090,40,Male,Silver,8,1140.55,9422.13,20,0.59,4,41.9,4,14.6,4,10.6,1,5,Cash on Delivery,Evening,0
CUST00091,36,Female,Basic,2,1073.1,2143.63,28,0.33,4,36.0,0,12.9,0,11.8,1,1,Wallet,Afternoon,0
CUST00092,45,Male,Silver,14,809.3,12082.32,80,1.28,2,63.6,3,14.8,10,14.9,1,2,Net Banking,Afternoon,0
CUST00093,27,Female,Gold,25,1902.07,47469.55,3,1.57,2,58.6,5,26.2,10,5.9,2,4,Wallet,Evening,0
CUST00094,31,Male,Silver,10,921.78,9144.45,29,1.63,5,50.3,3,39.7,12,8.6,2,2,UPI,Morning,0
CUST00095,30,Male,Basic,10,874.48,8324.18,136,0.91,4,53.9,4,55.5,5,7.2,3,4,Credit Card,Morning,1
CUST00096,18,Male,Basic,9,648.6,5657.75,1,0.9,4,59.3,3,2.4,6,11.1,0,2,Debit Card,Afternoon,0
CUST00097,38,Male,Silver,2,846.83,1569.64,87,0.41,6,44.7,0,0.7,4,9.1,0,1,Credit Card,Afternoon,1
CUST00098,37,Female,Basic,9,887.71,8160.09,11,0.77,4,68.9,2,27.1,0,11.6,1,1,Wallet,Afternoon,1
CUST00099,35,Male,Gold,2,1293.54,2482.99,1,1.38,4,50.1,1,9.7,7,7.9,0,1,UPI,Morning,0
CUST00100,32,Female,Basic,3,392.88,1141.71,50,0.31,3,68.6,1,8.7,0,13.2,0,1,UPI,Afternoon,0
CUST00101,19,Male,Basic,4,555.93,2320.07,147,0.56,3,66.0,0,1.0,8,8.4,1,1,Wallet,Night,0
CUST00102,30,Male,Basic,7,762.66,5191.04,0,0.83,1,59.8,3,5.6,8,11.4,0,1,UPI,Afternoon,0
CUST00103,31,Female,Silver,18,1320.28,22784.76,230,1.08,3,55.2,5,5.6,7,13.5,1,3,UPI,Evening,1
CUST00104,26,Female,Silver,2,979.56,1855.38,35,0.59,3,58.1,0,24.8,8,12.6,0,1,Credit Card,Morning,0
CUST00105,33,Male,Basic,3,889.91,2787.14,82,0.76,5,53.2,2,11.1,8,10.2,0,1,Net Banking,Morning,0
CUST00106,39,Male,Basic,1,402.81,378.94,10,0.28,2,63.6,0,40.6,0,11.2,0,2,Debit Card,Night,1
CUST00107,55,Male,Silver,3,832.09,2477.8,35,0.98,2,54.7,0,5.1,2,15.3,2,3,Cash on Delivery,Afternoon,0
CUST00108,36,Female,Basic,5,597.48,2990.71,87,0.39,6,51.0,1,3.5,5,10.3,0,1,UPI,Afternoon,0
CUST00109,37,Female,Silver,5,919.53,4735.5,40,0.82,2,60.7,0,8.8,2,6.4,0,1,Wallet,Night,0
CUST00110,34,Male,Silver,10,972.37,9931.06,73,1.17,3,54.0,4,11.2,11,11.4,0,3,UPI,Evening,0
CUST00111,18,Female,Basic,1,775.75,814.32,365,0.14,1,73.4,0,5.2,3,8.0,2,1,UPI,Evening,1
CUST00112,34,Female,Basic,11,569.05,5803.61,1,1.18,3,28.8,4,16.1,4,1.2,1,1,Credit Card,Evening,0
CUST00113,35,Female,Platinum,18,2701.21,47038.19,13,1.46,3,48.7,10,11.7,15,11.4,1,4,UPI,Morning,0
CUST00114,62,Female,Silver,8,938.0,7240.02,22,0.69,5,45.8,3,9.9,8,9.2,1,1,Credit Card,Night,0
CUST00115,32,Male,Silver,5,703.71,3319.27,11,1.03,5,45.6,1,25.4,0,13.3,0,2,Credit Card,Night,0
CUST00116,38,Male,Basic,8,629.31,4864.66,26,0.7,3,61.1,1,25.1,4,6.2,1,2,UPI,Afternoon,1
CUST00117,34,Male,Silver,4,911.79,3536.15,17,0.86,5,35.8,0,21.9,2,3.8,4,1,Wallet,Night,0
CUST00118,22,Male,Basic,4,619.96,2488.52,174,0.48,3,57.8,0,42.6,3,9.2,2,1,Credit Card,Afternoon,1
CUST00119,47,Female,Silver,6,958.45,5901.33,111,1.04,4,52.0,2,8.4,5,10.6,1,3,Cash on Delivery,Evening,0
CUST00120,43,Female,Platinum,75,2655.09,195343.48,164,2.02,9,31.2,18,17.6,13,10.8,1,10,Wallet,Morning,0
CUST00121,43,Male,Basic,19,571.32,11236.26,78,0.99,2,54.0,8,32.6,7,9.3,1,6,UPI,Evening,1
CUST00122,24,Male,Basic,13,881.63,11160.75,25,0.79,3,44.5,5,20.1,10,5.2,1,1,Credit Card,Morning,0
CUST00123,50,Male,Basic,8,437.15,3379.85,36,0.81,3,79.9,3,28.0,7,8.5,2,1,Debit Card,Evening,0
CUST00124,19,Female,Basic,4,518.78,2088.8,329,0.16,0,73.1,2,9.3,4,7.0,2,3,Wallet,Afternoon,1
CUST00125,41,Male,Basic,5,1155.95,5339.3,28,0.47,0,57.0,2,18.4,5,12.3,1,2,Wallet,Evening,0
CUST00126,59,Female,Basic,12,461.09,5161.07,43,0.39,3,51.7,3,10.7,8,9.8,0,3,Debit Card,Evening,0
CUST00127,24,Male,Gold,17,931.42,15626.32,15,1.05,3,57.7,4,41.3,5,8.3,2,3,UPI,Night,0
CUST00128,28,Male,Silver,11,1145.37,13491.92,14,1.03,4,61.0,4,13.1,7,15.3,1,1,Credit Card,Morning,0
CUST00129,36,Other,Basic,8,271.96,2252.79,250,0.31,1,60.6,0,31.6,0,7.4,3,1,Wallet,Night,1
CUST00130,29,Female,Platinum,16,2428.72,36298.69,242,2.33,4,29.2,11,29.3,21,12.7,2,4,Debit Card,Afternoon,0
CUST00131,18,Male,Basic,5,1040.54,5490.99,28,0.13,3,56.5,3,7.3,2,7.6,0,2,Wallet,Night,0
CUST00132,35,Female,Platinum,74,1475.29,113229.16,1,2.7,6,39.3,22,76.0,26,17.0,2,10,Debit Card,Evening,0
CUST00133,23,Female,Basic,3,289.28,883.25,90,0.19,2,62.0,0,24.1,2,8.5,1,1,UPI,Night,0
CUST00134,40,Female,Gold,4,870.34,3659.77,2,1.48,5,51.9,1,1.8,9,10.2,2,1,Cash on Delivery,Evening,0
CUST00135,24,Male,Silver,15,1188.96,17560.78,25,1.18,4,59.4,4,4.3,8,8.9,0,1,Cash on Delivery,Evening,0
CUST00136,52,Female,Gold,5,1972.41,9422.6,4,1.2,6,66.5,0,10.1,5,10.1,1,1,UPI,Afternoon,0
CUST00137,26,Female,Platinum,14,2226.84,31235.73,9,2.4,6,53.0,2,18.3,19,15.1,1,1,UPI,Night,0
CUST00138,31,Female,Basic,1,774.34,780.39,3,0.07,4,66.5,0,35.3,2,11.0,1,1,Debit Card,Night,0
CUST00139,43,Male,Platinum,10,3612.11,36342.6,4,2.61,6,24.0,4,17.6,18,11.2,0,3,Net Banking,Afternoon,0
CUST00140,21,Male,Basic,7,975.3,6898.18,67,0.5,4,70.2,3,24.2,7,14.6,0,1,Credit Card,Morning,0
CUST00141,37,Male,Basic,2,605.17,1297.23,339,0.29,1,67.5,0,8.1,1,11.4,1,1,UPI,Evening,1
CUST00142,49,Female,Basic,3,231.13,738.02,365,0.4,2,53.8,1,12.7,5,6.9,0,1,Credit Card,Night,1
CUST00143,18,Male,Silver,9,731.65,6980.7,53,1.18,3,50.9,1,10.1,12,4.6,1,3,Credit Card,Afternoon,0
CUST00144,37,Female,Basic,4,572.32,2399.68,45,0.3,2,58.4,2,23.1,1,6.9,0,1,Credit Card,Night,0
CUST00145,37,Female,Silver,11,881.12,10379.98,2,0.64,10,49.6,2,11.5,5,10.2,1,3,Debit Card,Morning,0
CUST00146,43,Male,Silver,6,900.03,5053.27,68,0.82,4,32.4,2,35.0,14,11.1,0,2,Wallet,Night,0
CUST00147,21,Female,Gold,17,1969.94,32230.45,74,0.99,5,38.7,4,56.7,8,13.9,2,5,Debit Card,Evening,1
CUST00148,20,Male,Gold,38,2035.26,77278.7,25,2.04,8,32.8,14,5.5,11,6.6,0,6,Debit Card,Afternoon,0
CUST00149,40,Female,Silver,1,904.33,954.47,6,0.7,3,30.8,0,58.9,7,7.3,3,1,Debit Card,Afternoon,1
CUST00150,38,Male,Basic,5,849.92,4253.11,365,0.79,2,40.3,1,15.1,4,4.8,0,1,Debit Card,Evening,1
CUST00151,37,Female,Basic,3,715.09,2230.41,182,0.57,1,69.1,2,21.6,0,4.0,1,1,UPI,Evening,1
CUST00152,38,Female,Basic,1,661.74,623.51,365,0.16,2,64.6,0,25.1,7,6.0,2,1,Credit Card,Night,1
CUST00153,27,Female,Basic,1,814.99,782.71,144,0.5,3,44.4,1,22.8,1,9.9,1,2,UPI,Evening,1
CUST00154,37,Female,Basic,1,663.15,687.74,10,0.77,4,45.5,0,11.8,14,11.6,0,2,Cash on Delivery,Evening,0
CUST00155,38,Female,Basic,3,1024.52,2908.69,165,0.43,5,71.3,0,11.4,3,5.2,1,1,Wallet,Night,1
CUST00156,27,Female,Platinum,15,1552.84,22738.63,279,2.52,3,54.3,8,13.6,18,8.2,2,4,Debit Card,Evening,0
CUST00157,55,Female,Silver,39,812.96,30512.64,188,1.26,4,50.8,9,46.6,6,3.3,0,5,Cash on Delivery,Night,0
CUST00158,40,Female,Basic,9,626.97,5507.18,12,0.82,6,67.5,2,36.7,8,9.7,1,1,Wallet,Night,0
CUST00159,21,Male,Silver,14,1066.89,15434.32,124,0.74,0,44.9,5,11.1,8,6.3,1,4,Cash on Delivery,Night,1
CUST00160,42,Female,Basic,8,880.77,6897.17,14,0.12,2,61.8,1,13.8,5,14.0,1,1,UPI,Morning,0
CUST00161,24,Female,Silver,1,943.51,951.85,54,0.69,1,36.8,0,2.8,9,10.3,1,1,Debit Card,Evening,0
CUST00162,43,Female,Silver,31,571.69,16587.96,24,0.97,4,47.9,10,18.4,5,8.6,0,7,Debit Card,Evening,1
CUST00163,47,Male,Silver,12,1174.11,14776.92,18,1.09,1,51.6,6,2.4,3,7.1,1,2,Net Banking,Evening,0
CUST00164,25,Female,Silver,1,1150.82,1126.86,54,0.14,2,38.7,0,37.0,3,2.9,0,1,UPI,Evening,0
CUST00165,45,Male,Platinum,11,1186.33,13359.76,17,2.1,6,50.3,1,9.7,9,5.7,2,3,Debit Card,Night,0
CUST00166,39,Female,Gold,21,1498.4,32601.15,4,1.46,3,57.5,7,18.7,6,7.6,1,1,Credit Card,Afternoon,0
CUST00167,44,Male,Silver,5,527.02,2512.69,30,0.8,0,65.7,0,20.9,7,6.5,0,1,Wallet,Evening,0
CUST00168,55,Female,Silver,5,773.2,4103.94,6,1.35,5,77.2,0,4.0,12,6.1,0,7,Net Banking,Afternoon,0
CUST00169,32,Other,Silver,6,709.85,4338.3,89,1.05,6,56.6,1,9.2,4,10.6,0,4,UPI,Afternoon,0
CUST00170,26,Male,Basic,11,797.29,8670.17,298,0.96,7,51.6,4,7.4,7,11.0,0,3,UPI,Evening,1
CUST00171,25,Other,Basic,7,671.26,4460.0,16,0.42,0,37.4,5,1.3,3,6.9,0,3,Debit Card,Morning,0
CUST00172,26,Male,Basic,27,416.02,12027.45,10,0.83,1,58.1,9,42.7,4,15.8,1,4,Debit Card,Afternoon,0
CUST00173,34,Female,Silver,19,1184.1,23416.06,11,1.47,3,54.9,7,2.0,11,3.7,0,3,Debit Card,Evening,0
CUST00174,38,Female,Silver,27,568.61,14635.26,235,1.36,1,32.9,8,21.1,9,9.8,0,7,Net Banking,Morning,1
CUST00175,38,Female,Basic,1,710.08,691.64,172,0.12,3,56.2,0,16.7,1,7.4,0,1,Wallet,Morning,1
CUST00176,44,Female,Platinum,17,2007.4,35816.66,264,2.01,8,44.0,5,24.7,9,8.5,0,3,UPI,Night,1
CUST00177,35,Female,Platinum,21,2333.79,50544.0,19,1.98,6,50.5,6,23.5,14,7.9,0,1,Debit Card,Night,0
CUST00178,50,Male,Gold,22,1711.79,39260.86,17,1.57,2,57.7,6,30.9,10,9.9,0,4,Wallet,Afternoon,0
CUST00179,32,Male,Silver,23,1088.71,24804.75,2,1.14,4,44.4,4,0.3,10,8.6,0,4,Wallet,Afternoon,0
CUST00180,64,Female,Gold,9,2061.53,19196.4,32,1.11,7,53.6,2,19.2,5,8.0,0,4,UPI,Night,0
CUST00181,41,Female,Basic,2,635.03,1246.99,10,0.52,4,62.7,0,2.9,5,4.1,1,1,UPI,Morning,0
CUST00182,25,Female,Gold,16,1628.71,24855.47,67,0.69,5,52.3,4,12.4,5,3.2,1,2,UPI,Evening,0
CUST00183,23,Female,Basic,19,570.33,11066.31,9,1.0,3,46.9,6,2.6,8,8.2,0,2,Cash on Delivery,Evening,0
CUST00184,40,Male,Gold,34,1576.44,57681.18,13,1.22,4,58.8,13,10.3,5,8.1,0,3,Credit Card,Evening,0
CUST00185,32,Female,Basic,4,729.99,2831.47,25,0.52,1,53.7,3,18.7,9,7.9,1,2,Credit Card,Night,0
CUST00186,42,Male,Gold,9,1458.71,13046.4,45,1.29,3,35.3,4,14.1,9,9.2,1,3,UPI,Afternoon,0
CUST00187,40,Female,Platinum,57,1286.87,75393.71,2,2.5,3,56.5,16,9.7,6,9.2,0,8,UPI,Afternoon,0
CUST00188,34,Male,Basic,1,710.33,715.05,334,0.05,1,46.6,1,26.7,11,7.3,1,2,Debit Card,Evening,1
CUST00189,25,Male,Silver,14,1046.97,15462.99,5,0.89,6,51.7,5,2.4,5,6.1,0,2,Debit Card,Night,0
CUST00190,18,Male,Platinum,15,2104.83,32894.67,18,2.06,3,47.4,4,1.7,18,15.8,0,1,Debit Card,Night,0
CUST00191,30,Male,Silver,8,608.35,4522.85,95,0.74,5,59.5,8,2.4,11,6.1,0,1,UPI,Evening,0
CUST00192,44,Female,Gold,9,2119.87,20600.32,9,2.0,2,46.0,3,9.5,17,9.1,0,3,Credit Card,Night,0
CUST00193,37,Male,Silver,7,1080.72,7870.55,34,0.59,2,20.0,5,1.7,5,6.2,0,3,Wallet,Morning,0
CUST00194,21,Male,Basic,15,608.31,9655.93,102,0.77,3,45.4,9,13.5,8,6.3,0,2,UPI,Afternoon,0
CUST00195,36,Male,Basic,11,443.06,4991.56,35,0.62,3,58.6,2,6.2,3,8.8,0,1,Wallet,Morning,0
CUST00196,39,Male,Basic,5,500.43,2644.79,21,0.94,3,51.2,0,6.6,11,8.8,0,2,UPI,Morning,0
CUST00197,25,Male,Gold,44,2047.09,84485.81,22,1.17,3,56.8,7,3.3,4,7.8,1,8,UPI,Evening,0
CUST00198,36,Male,Basic,4,675.05,2634.42,242,0.24,1,70.3,0,25.0,3,7.3,2,2,Credit Card,Night,0
CUST00199,35,Female,Silver,4,803.54,3407.74,3,1.28,6,55.8,1,9.0,10,7.0,0,1,Cash on Delivery,Evening,0
CUST00200,22,Female,Silver,9,1085.58,9303.84,49,1.05,1,42.9,4,10.8,7,10.7,0,2,Credit Card,Evening,0
CUST00201,38,Female,Silver,1,733.37,683.88,48,0.36,2,50.7,0,7.1,1,15.6,0,1,Debit Card,Morning,1
CUST00202,41,Male,Gold,14,2130.35,31199.8,2,1.21,2,69.9,4,10.8,14,6.4,0,2,Debit Card,Evening,0
CUST00203,46,Male,Platinum,18,3584.84,67990.79,238,2.24,4,40.0,4,28.3,20,12.1,1,6,UPI,Evening,0
CUST00204,46,Female,Silver,1,825.89,781.31,12,1.19,1,49.3,0,3.6,8,9.6,0,1,UPI,Evening,0
CUST00205,19,Female,Gold,10,1235.96,13060.33,3,1.16,4,56.8,7,5.7,5,11.7,0,3,Cash on Delivery,Afternoon,0
CUST00206,24,Male,Gold,6,400.38,2474.07,79,0.38,3,71.8,2,2.6,6,10.9,1,2,UPI,Evening,0
CUST00207,40,Male,Silver,10,555.9,5576.86,59,1.08,5,40.5,6,14.5,5,10.0,0,4,Debit Card,Afternoon,0
CUST00208,40,Male,Platinum,23,1624.87,39346.75,39,1.67,1,40.7,2,56.9,16,9.9,0,6,Cash on Delivery,Evening,0
CUST00209,40,Male,Basic,1,674.6,665.88,365,0.05,1,40.4,0,4.6,3,6.5,0,2,UPI,Morning,1
CUST00210,70,Male,Basic,1,590.63,561.71,365,0.05,6,56.0,0,8.5,6,5.4,1,2,Credit Card,Afternoon,1
CUST00211,41,Female,Gold,24,934.96,21666.61,0,1.68,5,53.3,12,7.1,10,9.7,1,4,UPI,Afternoon,0
CUST00212,47,Female,Silver,12,875.21,10511.2,15,0.95,2,48.1,1,20.5,8,4.6,2,2,UPI,Evening,0
CUST00213,45,Female,Gold,14,1712.24,24091.53,39,1.32,7,70.5,1,18.6,11,7.5,0,6,UPI,Evening,0
CUST00214,42,Female,Gold,46,1721.69,83069.95,7,1.89,5,46.3,11,6.6,19,14.1,0,4,Debit Card,Night,0
CUST00215,31,Female,Basic,12,304.26,3821.32,38,0.72,4,53.0,2,2.2,11,9.2,0,3,Net Banking,Evening,0
CUST00216,43,Female,Gold,11,1446.13,16114.52,14,1.97,8,40.0,1,2.8,17,13.5,0,1,Debit Card,Afternoon,0
CUST00217,26,Female,Silver,5,582.03,3040.89,33,0.41,1,40.4,1,5.7,6,13.6,0,1,Cash on Delivery,Evening,0
CUST00218,32,Male,Silver,10,1189.86,11311.81,79,0.89,2,51.8,2,9.3,6,8.4,0,2,UPI,Evening,0
CUST00219,29,Male,Silver,3,1158.58,3225.52,63,0.33,6,61.6,1,3.9,4,9.1,2,2,UPI,Afternoon,1
CUST00220,35,Male,Platinum,2,1946.24,4125.18,9,2.02,4,42.4,0,15.0,7,9.4,3,1,Credit Card,Evening,0
CUST00221,60,Female,Basic,2,510.58,951.81,365,0.41,1,59.5,0,57.4,5,5.7,1,1,UPI,Morning,1
CUST00222,18,Female,Silver,7,827.3,5556.39,18,1.12,5,43.0,4,36.2,8,6.0,3,1,UPI,Morning,0
CUST00223,42,Male,Silver,32,350.76,11575.09,6,0.92,2,37.7,14,31.9,0,12.1,2,3,Credit Card,Evening,0
CUST00224,18,Female,Gold,28,1641.11,45285.33,13,1.62,2,45.8,13,45.1,9,10.7,4,4,Wallet,Evening,0
CUST00225,29,Male,Silver,2,877.42,1860.5,44,1.15,6,53.5,3,14.4,10,15.8,0,1,Cash on Delivery,Night,0
CUST00226,46,Female,Basic,13,826.57,10398.08,36,1.25,5,47.9,6,44.4,9,12.9,0,1,UPI,Afternoon,0
CUST00227,35,Male,Basic,8,450.09,3319.5,120,0.39,3,59.3,0,4.2,4,5.9,0,1,Wallet,Night,1
CUST00228,23,Male,Basic,1,537.32,520.18,216,0.17,4,68.0,1,24.0,0,11.1,0,1,Wallet,Evening,1
CUST00229,27,Female,Gold,29,867.26,25464.72,6,1.49,6,57.4,5,5.5,8,8.7,0,3,Credit Card,Night,0
CUST00230,42,Male,Basic,1,467.22,457.95,271,0.22,2,68.5,0,6.7,6,12.5,0,1,UPI,Evening,1
CUST00231,26,Male,Basic,1,434.88,437.31,66,1.02,1,63.9,0,24.5,7,7.5,3,3,Cash on Delivery,Evening,0
CUST00232,37,Male,Platinum,47,3325.07,165694.95,3,2.0,5,50.0,11,17.8,15,6.7,0,7,Debit Card,Morning,0
CUST00233,35,Female,Basic,2,522.92,1114.86,206,0.3,2,61.9,2,5.6,1,5.6,0,1,Cash on Delivery,Evening,1
CUST00234,27,Female,Platinum,12,2690.4,31075.92,58,1.94,9,67.8,8,5.9,10,7.7,0,1,Credit Card,Evening,0
CUST00235,58,Male,Silver,14,848.72,11810.1,53,1.15,3,60.2,2,7.9,0,6.4,1,2,Credit Card,Afternoon,0
CUST00236,41,Female,Gold,22,966.82,21437.29,50,1.34,6,39.1,13,57.5,9,7.6,3,4,UPI,Evening,0
CUST00237,18,Female,Basic,1,619.37,663.88,349,0.28,1,35.4,0,18.0,9,11.3,2,2,Cash on Delivery,Evening,1
CUST00238,37,Male,Basic,7,759.04,5737.17,22,1.08,4,48.4,2,26.0,4,15.6,1,4,UPI,Evening,0
CUST00239,27,Male,Gold,13,992.74,12359.26,28,1.1,6,58.7,3,53.5,5,4.7,0,2,UPI,Afternoon,1
CUST00240,44,Male,Gold,17,1839.83,32412.99,17,1.41,3,60.2,3,10.7,12,14.1,0,1,Credit Card,Morning,0
CUST00241,26,Male,Gold,9,1143.12,10087.31,1,1.63,5,32.0,2,18.4,12,8.3,0,1,Credit Card,Afternoon,0
CUST00242,33,Female,Basic,1,562.1,517.86,365,0.05,3,68.4,1,12.9,2,9.3,0,1,UPI,Evening,1
CUST00243,40,Male,Gold,12,1722.89,19051.31,13,1.57,2,61.1,1,3.0,8,4.1,0,1,Debit Card,Afternoon,0
CUST00244,44,Female,Gold,12,1221.36,14563.85,30,1.03,1,59.1,2,27.6,8,11.1,2,3,Credit Card,Morning,0
CUST00245,21,Female,Silver,33,959.99,31620.54,18,1.19,5,55.5,6,9.8,4,2.4,0,4,Credit Card,Night,0
CUST00246,31,Male,Gold,10,1367.83,12633.43,19,1.06,3,49.9,4,47.2,5,10.4,1,2,UPI,Afternoon,0
CUST00247,29,Female,Gold,5,1554.33,8004.09,3,1.64,5,41.3,2,9.4,11,10.9,2,1,Debit Card,Evening,0
CUST00248,27,Male,Silver,6,316.72,1837.69,8,1.29,7,59.1,0,22.4,5,10.2,0,2,UPI,Night,0
CUST00249,54,Female,Basic,25,317.0,8000.94,6,0.8,3,60.6,8,5.0,2,6.4,1,7,UPI,Evening,0
CUST00250,39,Female,Silver,6,1113.85,6470.22,7,0.99,3,48.2,1,29.9,6,11.1,0,3,Debit Card,Night,0
CUST00251,21,Female,Basic,2,838.77,1588.2,259,0.42,1,87.2,0,58.4,5,9.9,4,1,UPI,Night,1
CUST00252,45,Female,Silver,4,707.81,2789.19,7,0.7,3,36.3,2,19.0,0,8.1,0,2,UPI,Night,0
CUST00253,58,Male,Silver,18,885.09,15249.17,7,1.41,3,45.9,8,18.8,10,12.0,1,3,Debit Card,Evening,0
CUST00254,46,Female,Basic,2,703.64,1415.12,105,0.26,0,48.7,1,4.5,2,8.0,0,2,UPI,Afternoon,0
CUST00255,18,Female,Basic,1,776.17,738.77,206,0.14,4,63.5,0,12.4,5,10.0,0,1,UPI,Evening,1
CUST00256,29,Female,Basic,12,280.96,3376.05,7,0.73,3,30.7,4,3.3,7,8.4,0,3,Debit Card,Night,0
CUST00257,48,Female,Gold,15,1127.86,15990.47,191,1.12,2,66.3,2,21.4,6,10.1,0,1,Net Banking,Night,1
CUST00258,27,Female,Platinum,30,2357.88,72671.46,26,1.77,1,57.9,9,7.7,14,12.1,1,2,Net Banking,Night,0
CUST00259,39,Male,Basic,1,777.97,809.58,365,0.05,2,62.8,1,8.3,0,6.7,2,2,Credit Card,Evening,1
CUST00260,43,Male,Platinum,61,4418.86,252747.51,211,1.93,11,40.8,23,3.4,12,6.0,1,12,Credit Card,Evening,0
CUST00261,24,Female,Silver,18,889.35,15925.83,96,0.87,1,61.6,5,10.7,4,10.0,0,4,Net Banking,Afternoon,1
CUST00262,34,Male,Basic,9,393.93,3301.94,90,0.59,3,59.3,1,15.8,5,12.9,0,1,UPI,Morning,0
CUST00263,18,Female,Basic,21,723.21,15425.99,43,0.83,5,64.8,9,3.3,7,10.0,1,2,UPI,Evening,0
CUST00264,23,Female,Silver,14,1301.38,17532.54,2,1.08,6,49.9,5,3.7,5,10.4,1,1,Debit Card,Afternoon,0
CUST00265,32,Male,Gold,14,1545.37,21730.81,12,1.33,5,47.2,2,14.8,10,9.5,0,3,Credit Card,Afternoon,0
CUST00266,21,Male,Gold,14,1119.21,15712.72,18,1.33,2,62.3,1,0.4,8,12.2,1,1,Debit Card,Night,0
CUST00267,52,Female,Basic,1,824.35,880.32,9,0.68,2,62.2,0,1.1,0,8.2,2,1,UPI,Morning,1
CUST00268,19,Male,Basic,11,770.77,8545.05,19,0.95,4,50.3,3,48.2,0,7.5,0,1,Credit Card,Night,0
CUST00269,30,Female,Silver,8,677.06,5488.41,29,0.94,4,56.9,4,54.8,3,13.0,1,2,Wallet,Morning,0
CUST00270,36,Male,Basic,4,719.42,2832.4,35,0.34,2,59.5,0,18.7,8,6.5,1,1,Credit Card,Night,0
CUST00271,50,Female,Basic,3,831.5,2673.74,299,0.15,2,64.4,0,15.9,6,11.3,0,2,Debit Card,Evening,1
CUST00272,19,Male,Basic,1,865.1,903.47,365,0.05,0,74.8,1,17.3,0,11.9,0,1,UPI,Morning,1
CUST00273,47,Female,Gold,9,1472.09,12793.91,184,1.63,4,42.7,1,17.3,7,11.9,1,1,UPI,Evening,0
CUST00274,35,Male,Platinum,50,2339.32,123407.73,24,2.3,6,33.8,16,44.6,9,6.4,0,9,UPI,Night,0
CUST00275,24,Female,Silver,27,1276.45,34091.37,108,1.1,3,54.5,5,10.5,4,9.4,0,7,Credit Card,Afternoon,0
CUST00276,40,Male,Platinum,45,1719.0,81422.85,27,2.05,5,37.1,18,12.5,12,9.8,2,9,Cash on Delivery,Evening,0
CUST00277,37,Female,Basic,3,729.82,2302.57,5,0.99,3,41.1,1,19.9,11,7.5,1,2,Wallet,Night,0
CUST00278,28,Female,Silver,13,585.57,7233.46,4,0.73,1,66.1,2,1.0,8,9.4,0,4,Debit Card,Afternoon,0
CUST00279,35,Male,Basic,3,843.9,2613.18,37,0.83,6,49.9,1,9.9,8,11.7,3,1,Wallet,Night,0
CUST00280,30,Male,Silver,7,881.36,5962.86,22,0.89,2,30.5,1,16.6,1,7.5,1,1,Debit Card,Afternoon,0
CUST00281,36,Male,Platinum,23,3523.53,78415.36,38,1.89,5,55.1,6,5.3,9,9.7,0,4,Credit Card,Afternoon,0
CUST00282,42,Female,Silver,14,1080.72,14637.08,12,1.11,3,45.9,3,4.9,0,8.5,1,6,UPI,Afternoon,0
CUST00283,52,Female,Basic,16,427.37,7084.71,16,0.64,4,61.8,1,4.4,7,12.8,1,3,Debit Card,Afternoon,0
CUST00284,21,Female,Silver,35,1328.95,44502.58,20,1.02,4,64.8,4,31.8,8,8.3,1,3,UPI,Morning,0
CUST00285,58,Male,Basic,7,932.33,6005.15,35,0.53,4,58.0,4,4.7,0,4.3,0,2,Credit Card,Afternoon,0
CUST00286,18,Male,Gold,14,1870.56,27089.69,9,1.39,4,24.5,2,28.4,12,4.2,2,3,Wallet,Afternoon,0
CUST00287,33,Female,Silver,2,747.42,1416.2,20,1.74,5,22.5,0,10.7,5,11.4,1,3,UPI,Evening,0
CUST00288,41,Female,Silver,32,868.6,26036.24,33,1.31,5,41.4,11,4.0,12,6.9,1,5,UPI,Evening,0
CUST00289,38,Other,Silver,12,988.68,11365.9,50,1.15,3,50.1,3,11.6,9,11.7,0,1,UPI,Evening,0
CUST00290,28,Male,Silver,10,762.81,7481.52,115,0.94,4,66.9,2,9.2,1,4.5,2,3,Debit Card,Afternoon,1
CUST00291,32,Female,Basic,10,958.01,9543.17,11,0.85,4,56.7,1,36.5,7,7.1,1,1,UPI,Night,0
CUST00292,29,Male,Silver,16,988.39,14661.88,35,1.08,2,82.8,0,5.9,2,4.6,1,2,Credit Card,Afternoon,0
CUST00293,28,Male,Basic,8,157.99,1359.08,30,0.51,4,38.0,5,2.6,0,10.1,1,1,UPI,Afternoon,0
CUST00294,44,Female,Gold,9,1642.53,15293.81,26,1.29,2,51.1,2,33.4,4,11.8,2,1,Credit Card,Evening,0
CUST00295,38,Female,Gold,16,1353.77,21047.57,254,1.37,3,43.7,4,12.4,8,10.8,0,5,UPI,Evening,1
CUST00296,27,Other,Gold,2,1468.53,2851.86,365,0.29,2,60.5,0,9.0,6,4.5,0,1,Cash on Delivery,Morning,1
CUST00297,44,Male,Silver,4,851.95,3379.74,40,0.97,2,73.2,0,7.0,7,6.6,1,1,Credit Card,Afternoon,0
CUST00298,38,Male,Silver,5,1164.67,5940.98,125,0.73,5,75.9,1,22.7,5,9.7,2,1,Net Banking,Night,1
CUST00299,43,Female,Basic,13,853.78,10471.15,289,1.06,2,52.2,2,60.8,3,3.4,3,4,Debit Card,Evening,1
CUST00300,41,Female,Gold,8,1618.88,12306.45,50,1.41,3,59.1,4,2.6,5,8.8,0,1,Credit Card,Afternoon,0
CUST00301,25,Male,Basic,1,588.25,622.08,365,0.08,1,61.9,0,40.8,0,13.4,1,1,UPI,Night,1
CUST00302,28,Male,Silver,6,939.0,5414.28,240,0.88,4,40.0,3,3.4,3,8.4,0,2,Credit Card,Morning,0
CUST00303,43,Male,Basic,1,653.57,641.04,65,0.13,1,59.1,2,33.8,1,3.0,1,2,Debit Card,Evening,1
CUST00304,41,Female,Basic,6,503.96,3203.38,21,0.67,2,48.6,0,4.4,6,6.7,0,2,Credit Card,Afternoon,0
CUST00305,34,Male,Silver,8,1104.0,9062.55,1,1.0,1,51.2,3,11.4,5,7.0,0,1,UPI,Morning,0
CUST00306,36,Male,Basic,10,733.73,7151.47,27,0.84,0,43.1,2,6.2,7,16.5,0,1,UPI,Afternoon,0
CUST00307,49,Male,Gold,4,2146.99,8840.38,19,1.12,5,52.9,1,10.8,11,15.2,0,1,Credit Card,Evening,0
CUST00308,28,Male,Basic,1,878.47,810.96,241,0.51,1,59.6,0,22.6,2,11.2,0,1,UPI,Morning,1
CUST00309,41,Male,Basic,1,525.21,545.01,365,0.05,3,68.1,0,22.9,0,6.9,1,1,Cash on Delivery,Evening,1
CUST00310,32,Female,Silver,10,1168.2,11657.73,63,1.15,5,54.6,3,35.5,9,13.6,1,2,UPI,Night,0
CUST00311,32,Male,Basic,2,476.93,1001.66,8,0.68,5,74.2,1,6.2,5,4.9,0,1,Credit Card,Night,0
CUST00312,47,Female,Basic,10,776.66,8331.56,202,0.67,6,80.9,2,18.2,7,12.6,2,1,Debit Card,Afternoon,1
CUST00313,44,Male,Gold,6,1283.02,8222.56,12,1.4,1,43.9,0,4.9,11,12.9,0,2,Wallet,Morning,0
CUST00314,43,Female,Basic,4,463.77,1976.56,21,0.65,4,66.5,2,14.8,5,8.2,0,2,Credit Card,Evening,0
CUST00315,49,Female,Gold,35,1617.62,56726.94,25,1.96,3,69.7,9,19.5,13,14.3,2,5,UPI,Afternoon,0
CUST00316,35,Female,Basic,7,163.23,1117.04,56,0.4,5,68.8,0,4.4,11,6.9,0,2,UPI,Night,0
CUST00317,42,Female,Basic,2,331.32,658.93,261,0.55,3,64.2,0,5.6,0,4.2,1,1,Credit Card,Night,1
CUST00318,31,Male,Gold,9,1425.45,13218.84,56,1.02,1,30.0,6,5.8,5,12.6,0,1,Credit Card,Afternoon,0
CUST00319,38,Male,Basic,1,665.0,705.86,251,0.2,4,51.7,0,9.7,6,7.9,1,2,Credit Card,Morning,1
CUST00320,33,Female,Basic,12,582.78,6665.5,8,0.53,6,50.8,4,14.0,4,10.7,0,1,UPI,Night,0
CUST00321,36,Other,Basic,21,362.54,8122.76,42,0.89,5,69.6,8,6.2,10,15.4,0,2,Cash on Delivery,Night,0
CUST00322,41,Female,Basic,12,501.14,6316.94,42,0.41,3,48.0,3,33.5,4,6.0,3,3,UPI,Evening,0
CUST00323,25,Female,Gold,45,1664.31,80632.1,8,1.32,3,48.4,19,4.5,11,9.1,2,9,Credit Card,Afternoon,0
CUST00324,58,Female,Basic,2,755.88,1603.74,4,0.36,5,67.2,1,17.7,0,13.9,0,1,Cash on Delivery,Afternoon,0
CUST00325,23,Male,Gold,25,1493.19,36015.37,17,1.21,5,41.0,5,37.4,12,11.8,2,5,Debit Card,Night,0
CUST00326,21,Male,Gold,2,1985.87,3721.33,9,1.5,3,51.3,0,1.0,14,7.4,1,1,Credit Card,Afternoon,0
CUST00327,47,Female,Silver,5,1055.71,4951.06,23,0.38,3,58.8,2,25.9,0,5.1,0,2,UPI,Night,0
CUST00328,43,Female,Platinum,31,2055.85,61602.45,14,2.55,8,50.1,5,1.5,14,9.2,0,3,Cash on Delivery,Morning,0
CUST00329,41,Male,Basic,2,598.95,1219.78,165,0.27,1,65.8,2,7.3,4,5.7,0,1,UPI,Night,1
CUST00330,41,Female,Platinum,15,1578.71,24833.69,4,2.35,8,48.7,3,25.6,8,11.7,2,1,Debit Card,Evening,0
CUST00331,34,Male,Basic,1,630.32,670.58,20,0.06,1,62.0,0,5.0,0,8.3,2,1,Wallet,Afternoon,1
CUST00332,25,Female,Silver,16,1245.82,20327.81,50,1.13,3,30.8,4,30.5,3,10.3,1,2,UPI,Morning,0
CUST00333,35,Male,Silver,27,1132.29,28153.63,0,1.14,4,52.6,14,60.4,8,6.4,1,1,Net Banking,Evening,0
CUST00334,27,Male,Basic,19,905.17,16335.06,131,0.63,2,55.6,3,17.1,7,8.5,1,3,Cash on Delivery,Afternoon,1
CUST00335,45,Female,Silver,1,869.43,813.75,54,0.55,2,64.8,0,8.2,3,1.5,0,1,Debit Card,Evening,0
CUST00336,33,Male,Gold,11,2065.36,22222.14,8,1.49,3,43.0,1,20.5,11,10.3,1,1,Credit Card,Afternoon,0
CUST00337,25,Female,Basic,1,614.82,614.95,99,0.09,1,59.8,0,2.9,5,12.2,0,3,Wallet,Morning,0
CUST00338,31,Female,Basic,9,917.83,7656.99,1,0.41,3,57.6,5,7.3,4,3.5,0,2,Debit Card,Evening,0
CUST00339,39,Female,Gold,25,1490.82,36366.93,5,1.76,9,37.4,8,42.6,11,11.8,2,5,Net Banking,Evening,0
CUST00340,28,Male,Silver,5,1138.12,5398.49,4,1.18,4,36.7,0,22.5,10,7.3,1,2,Debit Card,Evening,0
CUST00341,25,Male,Platinum,14,3673.88,52644.63,13,2.11,4,47.7,5,8.2,13,13.3,0,1,UPI,Evening,0
CUST00342,37,Male,Gold,30,1418.76,42319.49,5,1.06,3,63.6,9,10.6,10,9.8,1,4,UPI,Evening,0
CUST00343,37,Other,Platinum,14,2758.99,38596.92,149,2.33,10,33.9,4,9.1,16,12.2,0,3,UPI,Evening,0
CUST00344,29,Female,Gold,1,2041.32,2017.7,19,1.41,5,46.1,0,51.6,3,9.9,2,1,UPI,Morning,0
CUST00345,29,Female,Basic,1,625.79,671.45,142,0.05,1,69.6,0,46.9,1,12.7,2,1,UPI,Afternoon,1
CUST00346,37,Female,Basic,21,409.6,8209.0,1,0.77,1,64.9,9,3.2,0,10.1,0,1,Credit Card,Morning,0
CUST00347,19,Female,Gold,32,2400.06,77006.7,1,1.39,3,51.6,5,41.5,13,7.2,1,2,UPI,Evening,0
CUST00348,19,Female,Silver,6,825.04,5137.17,1,1.32,3,54.4,2,17.7,10,9.9,1,1,Wallet,Evening,0
CUST00349,27,Male,Basic,1,678.89,685.06,346,0.12,1,65.5,0,1.6,4,6.8,0,1,Net Banking,Afternoon,1
CUST00350,32,Female,Basic,1,860.39,919.45,153,0.05,3,68.1,2,10.5,0,8.6,1,1,Debit Card,Night,1
CUST00351,38,Male,Platinum,5,2157.02,10574.52,22,2.2,2,29.6,3,2.0,14,9.2,0,4,Credit Card,Afternoon,0
CUST00352,51,Female,Silver,27,681.91,18304.56,17,1.0,2,75.0,7,7.8,5,6.8,2,4,UPI,Evening,0
CUST00353,44,Female,Silver,4,1017.49,3802.01,59,0.31,6,60.8,1,60.7,6,9.1,1,5,Credit Card,Morning,1
CUST00354,33,Female,Silver,4,473.04,1925.16,39,0.56,2,64.3,3,15.6,5,8.9,2,4,Debit Card,Evening,0
CUST00355,34,Male,Basic,22,597.6,12701.69,26,1.46,3,39.1,12,6.4,6,13.5,0,2,Net Banking,Evening,0
CUST00356,23,Male,Basic,5,694.6,3284.24,24,0.39,3,54.6,2,33.0,3,7.0,0,2,UPI,Night,0
CUST00357,34,Male,Basic,8,600.87,4841.21,293,0.76,3,58.5,4,1.6,5,2.0,0,3,Debit Card,Night,0
CUST00358,31,Male,Basic,3,369.09,1112.99,89,0.27,2,36.2,0,10.2,8,7.1,0,2,Net Banking,Evening,1
CUST00359,38,Male,Gold,3,2169.55,6066.97,18,0.67,4,43.8,0,13.4,5,3.1,1,4,Debit Card,Night,0
CUST00360,25,Female,Silver,5,977.54,5042.71,21,0.84,5,44.6,3,23.1,1,10.5,2,1,UPI,Afternoon,1
CUST00361,40,Female,Gold,11,2101.08,23569.58,24,1.31,6,34.2,2,13.2,6,3.7,1,1,Debit Card,Afternoon,0
CUST00362,51,Male,Gold,12,1390.78,15858.94,16,1.26,2,51.2,1,9.6,6,6.1,0,2,Credit Card,Night,0
CUST00363,33,Male,Basic,9,489.84,4387.0,63,0.46,5,55.4,6,1.7,8,7.3,0,4,Credit Card,Night,0
CUST00364,39,Male,Silver,26,1021.6,27497.94,24,0.99,3,69.1,4,17.6,5,14.6,0,4,Credit Card,Evening,0
CUST00365,42,Female,Silver,13,892.6,11658.45,48,0.85,4,39.8,1,3.7,5,5.3,0,1,UPI,Afternoon,0
CUST00366,30,Female,Gold,13,1005.34,12850.88,38,0.96,4,55.2,9,44.9,7,9.2,2,3,UPI,Night,0
CUST00367,37,Female,Basic,11,917.5,9805.61,34,0.67,2,44.1,5,1.8,8,10.8,0,3,UPI,Afternoon,0
CUST00368,35,Female,Silver,4,784.48,3193.35,365,0.22,4,37.7,3,34.9,0,13.5,1,2,UPI,Morning,1
CUST00369,36,Other,Silver,1,460.49,492.84,340,0.18,1,65.6,0,28.1,5,10.9,1,1,UPI,Evening,1
CUST00370,26,Female,Basic,18,891.73,16492.21,178,0.76,3,62.0,6,51.2,5,12.7,1,5,UPI,Morning,1
CUST00371,35,Male,Basic,14,558.22,7283.34,24,0.68,7,61.2,1,30.7,4,11.8,0,1,UPI,Afternoon,0
CUST00372,40,Female,Silver,13,788.32,10183.69,49,0.88,1,37.2,6,14.9,12,4.8,1,3,Net Banking,Night,0
CUST00373,50,Male,Gold,5,758.54,4029.86,213,0.91,2,53.7,1,9.0,4,10.4,0,1,Wallet,Afternoon,1
CUST00374,45,Female,Basic,2,966.85,1808.23,9,0.25,1,65.2,0,40.0,5,11.3,1,1,Credit Card,Night,1
CUST00375,58,Male,Silver,1,607.0,654.48,83,0.81,0,65.0,0,16.1,9,5.6,0,2,UPI,Night,0
CUST00376,26,Female,Basic,2,660.64,1416.22,13,0.05,4,67.1,0,10.5,0,6.0,0,1,Wallet,Night,0
CUST00377,44,Female,Gold,7,1883.3,12293.56,36,1.14,6,62.5,4,6.8,2,6.6,0,1,Debit Card,Night,0
CUST00378,37,Female,Basic,5,726.75,3885.74,318,0.73,1,67.0,1,3.4,9,11.6,0,3,UPI,Evening,1
CUST00379,59,Female,Gold,57,1474.95,82231.07,48,1.9,2,46.1,17,25.3,8,10.0,0,11,Debit Card,Evening,0
CUST00380,26,Male,Basic,9,340.3,3231.62,5,0.35,1,63.2,6,3.7,0,7.3,2,4,Credit Card,Night,0
CUST00381,25,Male,Basic,11,502.63,5456.73,36,0.76,9,65.9,3,43.6,8,4.4,1,4,Debit Card,Evening,0
CUST00382,28,Male,Basic,1,684.18,677.71,223,0.05,2,64.3,0,24.6,0,7.8,1,2,Cash on Delivery,Afternoon,1
CUST00383,18,Male,Basic,3,506.73,1552.84,16,0.73,3,68.5,3,31.0,4,6.9,3,1,UPI,Evening,1
CUST00384,29,Female,Silver,9,1004.09,9433.67,5,0.62,6,65.5,3,18.7,10,9.6,1,1,Cash on Delivery,Evening,0
CUST00385,26,Male,Basic,2,774.08,1432.68,41,0.61,5,47.6,0,1.0,0,4.7,1,2,Credit Card,Evening,0
CUST00386,36,Other,Gold,29,1904.25,56046.35,15,1.31,1,33.8,8,40.2,4,10.2,3,8,Debit Card,Evening,0
CUST00387,38,Female,Basic,22,426.84,8919.8,3,0.96,1,52.5,6,9.0,7,7.6,0,3,Credit Card,Evening,0
CUST00388,55,Female,Basic,6,1049.79,6143.49,147,0.19,2,44.3,4,17.8,3,3.9,2,3,Net Banking,Evening,1
CUST00389,45,Male,Basic,10,789.68,7704.71,56,0.72,2,55.2,2,0.5,3,4.2,0,2,UPI,Evening,0
CUST00390,28,Female,Basic,18,649.69,11636.53,109,0.4,1,56.7,5,2.1,1,4.4,1,2,Debit Card,Morning,0
CUST00391,25,Female,Basic,2,848.3,1651.58,159,0.44,1,72.1,0,43.9,8,7.8,7,1,Net Banking,Evening,1
CUST00392,40,Female,Silver,7,1579.2,10359.94,19,0.84,3,59.4,3,25.7,7,9.4,0,1,Credit Card,Morning,1
CUST00393,20,Female,Silver,2,567.3,1070.27,152,0.6,5,66.9,2,43.6,7,9.7,2,3,UPI,Night,1
CUST00394,55,Female,Silver,11,890.08,9059.99,67,0.9,2,47.0,2,35.6,6,10.2,0,4,UPI,Night,0
CUST00395,47,Male,Silver,3,317.34,947.49,12,0.88,8,71.3,0,13.8,8,6.4,0,3,Debit Card,Evening,0
CUST00396,29,Female,Silver,27,1001.25,28999.42,5,0.98,4,62.8,8,50.1,11,12.9,4,7,Wallet,Night,0
CUST00397,18,Male,Basic,7,716.5,4707.09,32,0.53,3,60.9,1,7.9,1,7.1,0,2,Credit Card,Evening,0
CUST00398,49,Male,Silver,4,939.58,4026.67,13,1.18,3,28.9,0,10.4,7,11.0,0,3,Debit Card,Morning,0
CUST00399,33,Male,Platinum,44,2123.5,96922.62,11,2.42,2,54.8,7,4.4,18,10.3,1,7,UPI,Evening,0
CUST00400,48,Male,Silver,17,404.83,7033.52,49,0.53,1,77.0,8,1.8,10,10.0,0,2,Credit Card,Afternoon,0
CUST00401,18,Male,Silver,16,1049.36,17180.03,35,1.2,6,50.5,3,21.3,16,8.7,1,5,Credit Card,Afternoon,0
CUST00402,28,Male,Basic,1,914.89,962.72,252,0.08,1,59.7,0,9.7,3,9.5,0,2,Debit Card,Evening,1
CUST00403,35,Female,Gold,13,1251.77,15249.55,2,1.61,1,41.0,1,27.6,16,9.9,1,2,Cash on Delivery,Evening,0
CUST00404,35,Female,Gold,34,1684.83,57327.8,36,1.62,2,27.5,7,11.3,3,12.8,0,8,Wallet,Evening,0
CUST00405,30,Female,Silver,2,532.87,1099.35,48,0.23,1,51.4,0,5.3,7,5.4,0,1,UPI,Evening,0
CUST00406,41,Male,Platinum,12,2932.85,35683.09,50,2.13,2,62.9,3,20.4,13,4.4,2,2,Debit Card,Afternoon,0
CUST00407,23,Male,Basic,9,578.4,5482.77,11,0.34,4,70.3,5,59.9,3,5.0,3,3,UPI,Evening,1
CUST00408,33,Female,Basic,2,511.24,952.51,365,0.23,7,48.9,2,41.9,4,12.0,1,4,UPI,Afternoon,1
CUST00409,36,Male,Gold,63,1180.65,76650.47,2,1.87,8,38.1,20,42.5,10,9.7,1,10,UPI,Afternoon,0
CUST00410,40,Male,Gold,7,1334.68,9393.63,7,1.17,4,76.3,2,21.2,8,9.7,1,2,Credit Card,Evening,0
CUST00411,42,Female,Basic,2,719.6,1411.37,7,0.22,1,46.0,0,11.5,8,4.6,4,1,Debit Card,Afternoon,0
CUST00412,22,Male,Basic,3,411.19,1202.04,70,0.53,4,47.2,0,45.2,3,8.9,1,2,Credit Card,Morning,1
CUST00413,18,Female,Basic,6,577.73,3533.4,201,0.74,3,48.9,5,40.0,2,5.3,2,2,Cash on Delivery,Afternoon,1
CUST00414,49,Female,Basic,6,642.45,4095.85,38,0.45,0,40.1,5,59.0,9,5.5,1,1,UPI,Evening,1
CUST00415,38,Male,Gold,7,1038.4,7264.35,195,1.81,12,39.1,2,36.2,12,8.8,0,1,Credit Card,Night,0
CUST00416,26,Male,Silver,5,1427.91,7510.49,25,1.09,3,45.0,2,44.4,14,10.9,2,1,Credit Card,Night,0
CUST00417,52,Female,Basic,1,494.66,486.92,365,0.05,2,48.8,0,0.9,5,10.0,0,1,UPI,Evening,1
CUST00418,36,Male,Basic,1,528.16,494.56,178,0.31,2,73.4,0,16.5,0,10.4,1,1,Cash on Delivery,Afternoon,1
CUST00419,47,Male,Basic,1,471.95,438.84,268,0.3,2,43.6,0,4.2,5,2.8,0,1,Credit Card,Afternoon,1
CUST00420,35,Other,Basic,6,977.32,5442.97,20,0.67,2,53.0,2,29.9,3,8.8,2,1,Cash on Delivery,Morning,0
CUST00421,57,Male,Silver,1,1097.07,1076.03,365,0.05,1,49.1,1,4.7,2,7.4,0,3,Credit Card,Evening,1
CUST00422,54,Female,Platinum,45,1918.16,84069.33,23,2.99,8,33.5,11,3.1,11,6.2,0,6,UPI,Evening,0
CUST00423,32,Other,Gold,19,1964.62,38629.4,71,1.59,1,36.2,4,8.3,6,10.0,0,2,UPI,Evening,0
CUST00424,45,Male,Basic,17,686.53,12124.45,126,0.55,4,56.5,4,10.2,3,7.8,0,4,Wallet,Afternoon,0
CUST00425,42,Male,Gold,48,1608.05,71639.53,2,1.81,3,49.3,15,28.4,20,12.0,0,5,UPI,Afternoon,0
CUST00426,50,Male,Gold,16,1355.32,20717.52,23,2.22,7,59.1,3,26.2,15,10.9,1,2,Cash on Delivery,Afternoon,0
CUST00427,24,Male,Gold,7,1185.25,7997.09,166,1.7,4,39.3,4,23.1,8,8.1,2,1,Credit Card,Night,0
CUST00428,42,Male,Silver,55,1039.85,57627.43,114,1.23,6,69.6,13,9.7,15,12.7,0,4,UPI,Morning,1
CUST00429,46,Female,Basic,11,550.79,5714.09,35,0.55,1,46.0,1,7.6,4,1.0,1,3,Debit Card,Evening,0
CUST00430,18,Male,Basic,10,980.65,9232.14,54,0.45,1,53.5,2,36.8,5,8.3,1,3,UPI,Morning,0
CUST00431,21,Female,Basic,2,418.99,897.48,68,0.33,2,78.5,0,14.5,7,2.2,2,3,UPI,Evening,1
CUST00432,18,Other,Basic,5,929.58,4874.12,55,0.21,2,93.1,1,13.5,2,5.1,4,1,Wallet,Morning,0
CUST00433,32,Female,Basic,4,629.74,2390.25,9,0.26,1,78.2,1,14.4,1,10.1,1,3,Credit Card,Morning,1
CUST00434,42,Female,Silver,4,1029.56,4056.68,365,0.43,6,53.9,3,26.3,0,4.1,0,1,Credit Card,Morning,1
CUST00435,51,Male,Gold,13,1849.93,23493.54,35,1.37,2,55.2,2,14.0,4,4.7,1,3,UPI,Afternoon,0
CUST00436,35,Female,Silver,4,782.35,3275.11,15,0.31,3,65.7,1,1.6,0,16.7,0,1,UPI,Afternoon,0
CUST00437,52,Female,Basic,12,807.29,9703.31,79,0.57,4,59.6,4,0.9,5,3.9,0,3,Credit Card,Night,1
CUST00438,19,Male,Platinum,77,628.91,45542.59,14,2.09,3,31.2,29,5.0,14,16.3,0,9,Credit Card,Afternoon,0
CUST00439,18,Male,Platinum,17,2075.85,36638.87,7,2.15,4,45.6,4,12.1,22,10.0,1,5,Net Banking,Morning,0
CUST00440,34,Female,Gold,15,1111.89,16403.19,7,1.22,9,44.2,6,5.7,6,7.6,1,5,Credit Card,Evening,0
CUST00441,39,Male,Platinum,39,1687.45,63314.22,19,3.18,5,23.0,10,19.4,16,13.8,0,7,Net Banking,Evening,0
CUST00442,34,Male,Silver,19,892.82,16625.66,26,1.38,1,45.3,2,23.5,9,14.3,0,3,UPI,Afternoon,0
CUST00443,18,Male,Platinum,17,2880.83,48956.53,14,1.66,6,50.5,1,14.2,14,6.0,1,2,UPI,Evening,0
CUST00444,34,Male,Basic,4,777.88,3033.42,49,0.58,2,67.4,1,3.9,6,6.9,0,1,UPI,Evening,0
CUST00445,20,Female,Basic,2,693.84,1330.38,10,0.29,0,54.7,1,4.3,0,11.3,0,1,Net Banking,Afternoon,1
CUST00446,42,Female,Basic,1,528.84,520.25,133,0.14,0,57.9,1,32.6,3,9.2,1,1,Net Banking,Evening,1
CUST00447,39,Female,Basic,1,717.16,661.99,86,0.05,0,69.2,1,34.9,1,11.9,1,1,UPI,Morning,1
CUST00448,24,Male,Basic,2,672.62,1403.89,11,0.65,6,55.6,0,35.7,2,10.6,0,1,UPI,Morning,0
CUST00449,29,Male,Silver,5,1198.99,5679.32,49,0.66,5,59.3,1,23.8,6,15.1,0,4,Debit Card,Night,1
CUST00450,23,Female,Gold,31,1826.31,52484.07,42,1.74,2,47.0,9,38.2,17,10.7,0,3,Wallet,Afternoon,0
CUST00451,34,Male,Silver,17,958.11,16688.42,12,1.25,5,52.5,3,2.8,0,10.3,0,3,Net Banking,Afternoon,0
CUST00452,45,Male,Basic,10,486.7,5080.32,7,0.98,5,39.2,1,6.5,4,10.3,1,1,UPI,Night,0
CUST00453,24,Female,Gold,29,1225.76,37331.95,28,1.1,3,52.7,10,22.2,5,8.8,1,3,Debit Card,Evening,0
CUST00454,40,Male,Silver,16,803.76,12846.8,58,1.07,4,68.6,7,2.3,8,12.2,0,3,Net Banking,Evening,0
CUST00455,29,Female,Basic,16,592.62,9034.93,175,0.72,4,56.3,2,13.0,5,9.7,0,1,UPI,Evening,0
CUST00456,26,Male,Silver,34,1021.3,36042.21,83,0.73,2,44.1,11,4.0,4,11.6,1,4,Debit Card,Evening,0
CUST00457,33,Male,Basic,6,780.16,4830.54,100,0.23,1,75.9,2,66.6,5,11.6,2,1,UPI,Evening,1
CUST00458,23,Male,Basic,4,640.7,2458.76,39,1.06,8,60.1,0,14.4,13,10.8,0,2,UPI,Morning,0
CUST00459,28,Other,Platinum,24,2611.74,66727.57,2,2.18,4,51.8,8,6.2,25,12.4,0,4,Cash on Delivery,Afternoon,0
CUST00460,21,Female,Basic,10,676.08,6332.84,18,0.72,1,63.1,2,31.1,5,5.3,0,1,Cash on Delivery,Afternoon,0
CUST00461,56,Female,Silver,20,812.77,17510.81,274,0.61,3,41.6,1,6.3,0,6.8,0,5,Credit Card,Morning,1
CUST00462,35,Female,Gold,10,1111.34,11753.97,22,0.97,4,60.0,2,13.8,9,12.1,0,3,UPI,Afternoon,0
CUST00463,27,Male,Gold,7,762.72,5499.55,66,1.2,3,67.0,2,26.2,13,14.4,1,3,Net Banking,Evening,0
CUST00464,37,Female,Basic,4,523.48,2240.91,241,0.46,1,50.6,2,3.7,6,1.8,1,1,UPI,Morning,1
CUST00465,33,Male,Basic,1,736.11,762.29,34,0.13,1,35.8,0,51.8,7,6.2,2,2,UPI,Afternoon,0
CUST00466,32,Female,Basic,1,522.07,496.21,11,0.5,4,60.4,0,3.3,4,8.7,1,1,Credit Card,Evening,0
CUST00467,41,Male,Silver,12,886.74,10542.4,43,0.31,1,57.9,4,13.7,2,5.3,1,1,Debit Card,Evening,0
CUST00468,43,Female,Silver,6,1074.07,6002.59,20,0.51,2,37.4,1,25.7,5,5.7,0,1,UPI,Night,0
CUST00469,29,Male,Basic,2,744.77,1463.24,132,0.73,0,61.4,0,11.0,5,10.5,4,1,Debit Card,Night,1
CUST00470,28,Male,Platinum,87,1814.1,163927.73,309,2.31,7,47.9,24,15.7,11,16.3,0,13,UPI,Night,0
CUST00471,31,Female,Silver,28,1215.22,33407.94,341,0.76,1,36.3,5,24.7,8,1.8,1,2,Wallet,Evening,1
CUST00472,18,Male,Basic,2,855.18,1663.92,365,0.14,1,81.5,0,5.8,6,7.6,0,1,Cash on Delivery,Evening,1
CUST00473,18,Male,Silver,1,649.46,659.37,101,0.54,5,64.7,0,6.4,6,10.3,0,1,Net Banking,Night,0
CUST00474,50,Male,Silver,6,730.86,4646.31,29,0.77,2,31.2,2,11.6,8,11.7,1,3,Credit Card,Night,0
CUST00475,53,Male,Basic,5,866.78,4020.18,10,0.73,2,64.0,1,13.9,7,10.0,1,5,UPI,Evening,0
CUST00476,32,Female,Basic,7,623.27,4282.94,27,0.82,2,62.9,0,6.3,0,15.2,0,2,Net Banking,Evening,0
CUST00477,41,Female,Gold,5,567.69,2683.24,20,1.23,2,67.2,3,18.6,8,9.6,2,1,Cash on Delivery,Afternoon,0
CUST00478,38,Female,Silver,10,577.68,5957.36,82,0.5,2,48.5,3,2.9,6,13.2,0,3,UPI,Night,0
CUST00479,68,Female,Silver,1,883.67,827.92,7,0.99,9,62.0,0,27.6,9,6.9,1,1,Credit Card,Evening,0
CUST00480,47,Male,Silver,11,640.63,7232.75,23,0.61,10,52.3,4,12.6,5,8.9,0,2,UPI,Night,0
CUST00481,33,Female,Basic,8,574.76,4440.77,43,0.32,3,50.8,5,49.5,6,4.1,1,2,Credit Card,Morning,1
CUST00482,24,Male,Basic,7,655.9,4370.12,100,0.96,3,41.9,3,7.6,5,12.3,0,1,Credit Card,Afternoon,0
CUST00483,18,Male,Silver,15,1338.96,21486.62,15,1.19,6,27.6,3,15.1,10,9.0,0,2,Cash on Delivery,Afternoon,0
CUST00484,37,Female,Basic,16,597.14,8818.22,76,0.56,2,62.0,7,5.0,6,9.9,3,5,UPI,Night,1
CUST00485,26,Male,Basic,1,845.2,836.79,365,0.05,3,56.3,0,7.1,3,7.0,2,1,Credit Card,Night,1
CUST00486,19,Female,Gold,11,2100.08,21332.75,6,1.47,2,15.4,2,13.7,8,11.8,1,1,Cash on Delivery,Afternoon,0
CUST00487,27,Male,Platinum,18,3644.18,65423.05,10,2.47,4,41.1,4,10.9,21,12.4,1,4,Credit Card,Evening,0
CUST00488,23,Female,Gold,25,1619.6,40496.79,53,1.27,2,63.7,8,64.2,10,6.0,1,5,Wallet,Morning,0
CUST00489,53,Female,Gold,59,675.42,38712.71,10,1.87,7,29.3,14,49.6,7,7.0,1,3,UPI,Afternoon,0
CUST00490,44,Female,Basic,8,733.87,5525.43,91,0.95,6,43.8,3,12.7,6,9.0,2,1,Cash on Delivery,Evening,0
CUST00491,34,Female,Platinum,24,3363.24,79121.32,3,2.68,5,43.8,5,14.7,13,13.5,0,4,UPI,Evening,0
CUST00492,51,Female,Basic,5,635.25,3263.79,143,0.61,2,24.4,3,2.0,6,15.2,0,1,Cash on Delivery,Night,0
CUST00493,35,Male,Platinum,29,3870.06,117302.74,29,2.31,8,35.2,9,12.2,11,11.8,0,2,UPI,Afternoon,0
CUST00494,25,Female,Platinum,37,3225.96,119947.79,22,2.59,9,43.4,11,22.3,15,14.6,1,6,Credit Card,Evening,0
CUST00495,51,Male,Gold,14,1738.67,24691.25,314,1.56,4,40.8,5,2.6,14,4.2,0,2,UPI,Evening,1
CUST00496,40,Female,Platinum,36,3390.89,116224.62,18,1.92,6,29.0,9,5.4,17,17.4,0,2,Credit Card,Afternoon,0
CUST00497,23,Female,Silver,3,1038.68,3010.01,111,0.74,5,39.1,1,4.0,7,11.0,0,1,UPI,Night,1
CUST00498,32,Female,Basic,10,196.31,1856.9,90,0.58,4,36.0,4,36.0,3,8.5,2,1,Cash on Delivery,Night,0
CUST00499,25,Male,Silver,7,817.23,5491.14,321,0.45,4,48.8,4,43.8,1,8.0,1,2,UPI,Afternoon,1
CUST00500,19,Male,Silver,4,1268.45,4850.46,30,0.85,2,65.9,2,9.6,3,5.1,1,1,Debit Card,Evening,0
CUST00501,45,Female,Basic,10,503.02,5045.85,16,0.88,1,81.3,2,7.9,12,6.2,0,1,UPI,Afternoon,0
CUST00502,56,Male,Silver,2,890.56,1798.98,365,0.13,1,59.4,0,10.4,3,14.8,0,1,Wallet,Evening,1
CUST00503,19,Male,Platinum,3,1839.36,5910.92,6,2.64,6,48.1,3,1.3,23,7.7,0,2,Debit Card,Evening,0
CUST00504,41,Male,Basic,4,974.67,3708.78,26,0.89,4,41.6,2,0.3,7,5.5,2,1,Cash on Delivery,Morning,0
CUST00505,27,Female,Gold,35,2206.23,78968.44,14,1.24,3,25.0,3,3.1,7,7.0,0,6,Credit Card,Night,0
CUST00506,29,Female,Platinum,13,1956.54,26726.14,11,2.29,4,63.9,2,11.7,15,6.6,1,2,UPI,Evening,0
CUST00507,28,Male,Platinum,8,2707.23,21866.59,9,2.1,6,36.1,3,12.5,9,10.6,0,1,Credit Card,Night,0
CUST00508,25,Male,Platinum,6,2104.6,12132.61,1,2.53,8,48.4,5,26.4,16,14.8,1,1,Net Banking,Morning,0
CUST00509,35,Male,Silver,4,1113.58,4285.09,52,1.24,4,52.0,3,6.3,3,7.4,0,3,Debit Card,Night,0
CUST00510,25,Female,Platinum,17,2971.05,46784.44,11,1.61,4,59.1,5,9.8,10,5.1,1,3,Net Banking,Night,0
CUST00511,37,Female,Gold,6,1840.92,10701.68,17,1.61,5,58.6,1,19.9,11,10.9,1,1,UPI,Morning,0
CUST00512,34,Male,Basic,7,710.41,5167.49,11,0.43,2,59.9,1,8.0,11,8.3,0,5,Debit Card,Afternoon,1
CUST00513,32,Male,Silver,5,1730.82,8027.57,0,0.93,3,57.2,1,23.8,6,12.6,0,1,Cash on Delivery,Night,0
CUST00514,25,Male,Gold,18,1068.27,18365.24,7,1.15,4,65.4,4,13.6,9,7.8,1,2,UPI,Evening,0
CUST00515,28,Female,Basic,31,338.67,10845.2,33,1.11,5,46.2,9,6.0,7,8.4,0,2,UPI,Afternoon,0
CUST00516,43,Female,Silver,33,845.44,29161.25,301,1.26,2,68.6,8,7.5,11,9.0,1,5,Debit Card,Night,1
CUST00517,40,Male,Silver,8,532.92,4232.88,112,0.64,1,46.4,0,8.7,8,9.1,2,2,UPI,Morning,0
CUST00518,24,Male,Basic,1,378.37,390.36,97,0.05,2,60.5,0,1.9,0,6.7,0,4,Debit Card,Evening,0
CUST00519,36,Male,Silver,6,683.65,4028.36,9,0.77,6,61.4,1,25.9,4,7.0,0,2,Debit Card,Evening,1
CUST00520,43,Female,Gold,24,1112.68,25251.23,4,1.55,5,28.0,7,5.2,14,3.4,1,3,Cash on Delivery,Evening,0
CUST00521,18,Male,Silver,39,696.07,26704.34,297,0.98,2,68.7,15,6.9,8,7.2,1,4,Wallet,Afternoon,0
CUST00522,40,Female,Basic,2,744.32,1507.69,47,0.94,5,58.2,0,34.1,10,11.6,2,1,Debit Card,Evening,0
CUST00523,27,Female,Basic,7,557.87,4185.04,80,0.78,2,93.4,3,27.6,4,11.9,2,3,UPI,Evening,0
CUST00524,41,Male,Basic,13,617.33,7471.55,34,0.84,9,78.3,3,43.8,0,7.4,2,2,UPI,Evening,1
CUST00525,26,Male,Platinum,26,3251.0,84626.0,3,2.21,3,42.2,12,12.4,8,15.2,0,3,Wallet,Evening,0
CUST00526,18,Male,Basic,1,510.53,496.56,134,0.05,5,81.0,0,34.8,4,8.0,4,1,Debit Card,Afternoon,1
CUST00527,18,Female,Silver,4,879.63,3523.2,23,0.83,6,63.5,0,10.5,14,4.3,0,4,Net Banking,Night,0
CUST00528,35,Female,Basic,16,716.57,10591.89,106,0.87,6,55.8,6,12.2,5,3.3,2,1,Credit Card,Afternoon,1
CUST00529,37,Female,Basic,6,296.63,1726.54,18,0.48,2,36.2,2,26.9,12,12.8,1,2,UPI,Night,0
CUST00530,25,Female,Gold,22,498.34,11524.58,25,1.58,4,30.3,10,39.7,11,8.6,1,7,Credit Card,Morning,0
CUST00531,42,Male,Gold,26,1645.37,43148.84,13,1.29,4,49.7,8,47.5,4,5.3,0,7,UPI,Afternoon,0
CUST00532,18,Female,Basic,1,739.55,733.7,76,0.14,5,52.9,1,21.1,3,1.0,3,1,Net Banking,Afternoon,0
CUST00533,34,Female,Silver,18,1499.08,26057.48,245,0.86,6,55.8,4,66.4,10,7.6,2,6,Debit Card,Evening,1
CUST00534,21,Male,Basic,1,678.77,656.84,4,0.61,5,71.6,0,22.0,0,10.1,2,1,UPI,Afternoon,0
CUST00535,27,Other,Silver,7,1168.05,8023.42,72,0.67,5,65.0,4,12.5,7,6.4,1,2,Debit Card,Evening,1
CUST00536,35,Female,Silver,5,898.0,4731.07,10,0.82,2,45.1,2,18.6,9,5.3,0,1,Wallet,Night,0
CUST00537,25,Female,Basic,1,704.1,756.73,227,0.17,1,69.7,1,22.3,4,6.3,1,1,Debit Card,Afternoon,1
CUST00538,30,Female,Basic,27,953.44,25490.21,2,0.89,4,41.9,8,37.7,8,13.4,0,5,Credit Card,Morning,0
CUST00539,46,Female,Basic,1,263.43,258.93,235,0.4,2,43.1,0,47.7,3,3.6,2,2,UPI,Night,1
CUST00540,28,Female,Platinum,24,2901.11,73487.31,2,2.61,5,43.7,8,28.6,18,8.9,0,4,Wallet,Afternoon,0
CUST00541,44,Male,Platinum,8,4154.71,32848.96,24,2.64,7,29.1,2,34.3,16,15.4,3,1,Credit Card,Afternoon,0
CUST00542,22,Male,Basic,9,701.33,6364.5,105,0.47,4,48.5,0,7.0,1,10.3,0,1,Wallet,Afternoon,0
CUST00543,40,Female,Gold,6,2193.24,12592.93,98,1.05,2,63.6,0,46.0,7,9.9,0,3,Net Banking,Afternoon,1
CUST00544,50,Male,Basic,1,535.48,556.34,260,0.05,3,67.5,0,16.1,3,5.8,2,1,Wallet,Afternoon,1
CUST00545,18,Male,Basic,1,644.17,647.47,365,0.05,4,55.1,0,3.6,1,8.2,1,1,Cash on Delivery,Evening,1
CUST00546,26,Male,Gold,43,1514.08,68324.61,198,0.92,2,33.1,17,3.1,4,7.2,0,13,Net Banking,Evening,0
CUST00547,41,Male,Platinum,7,985.59,7209.02,2,2.58,4,30.5,2,22.9,19,8.1,1,5,UPI,Evening,0
CUST00548,32,Female,Platinum,9,1749.57,15028.12,8,2.14,5,66.2,2,19.8,13,6.8,3,1,UPI,Afternoon,0
CUST00549,39,Female,Silver,24,658.23,16342.56,198,1.04,2,63.3,4,12.3,4,12.0,0,4,UPI,Evening,1
CUST00550,28,Male,Basic,1,799.62,838.01,365,0.05,7,76.7,0,17.0,4,7.8,1,1,UPI,Afternoon,1
CUST00551,35,Male,Gold,9,1866.3,16383.12,3,0.98,3,55.2,2,11.7,6,10.3,0,1,UPI,Night,0
CUST00552,33,Male,Basic,29,708.97,19483.14,33,0.81,3,49.3,7,2.7,6,9.5,0,2,Credit Card,Evening,0
CUST00553,47,Female,Silver,10,1169.21,10761.66,30,1.0,4,62.9,3,29.7,10,10.7,3,7,UPI,Morning,0
CUST00554,37,Female,Basic,3,620.12,1845.75,52,0.45,3,71.8,0,16.8,2,7.6,1,2,Credit Card,Afternoon,0
CUST00555,38,Male,Silver,29,1269.71,35952.2,30,1.1,3,45.5,8,12.5,3,7.6,0,2,Wallet,Morning,0
CUST00556,30,Female,Basic,15,651.6,9859.87,3,1.07,6,42.9,5,0.8,7,6.4,1,4,Net Banking,Morning,0
CUST00557,29,Female,Basic,5,660.53,3137.8,57,0.42,2,38.4,2,8.5,0,3.6,0,2,Cash on Delivery,Evening,0
CUST00558,30,Female,Platinum,36,2406.65,91625.19,238,2.12,6,34.1,9,9.6,9,6.6,0,8,UPI,Afternoon,0
CUST00559,39,Female,Basic,9,774.57,6700.93,149,0.57,6,63.5,3,35.6,5,7.4,2,3,Debit Card,Night,1
CUST00560,30,Male,Silver,7,837.96,5608.97,25,1.74,1,38.9,1,3.2,2,4.5,1,2,UPI,Morning,0
CUST00561,38,Female,Basic,1,827.71,825.16,365,0.05,7,70.8,0,59.4,4,3.2,2,1,Credit Card,Night,1
CUST00562,57,Male,Basic,2,443.95,887.74,2,0.74,2,77.7,1,3.7,4,12.5,1,1,Debit Card,Afternoon,0
CUST00563,44,Female,Basic,8,450.0,3435.89,133,0.46,4,56.6,1,8.3,8,9.3,0,5,UPI,Afternoon,1
CUST00564,31,Female,Basic,22,775.11,16429.97,9,0.7,2,54.2,6,6.8,5,7.3,0,3,UPI,Night,1
CUST00565,48,Female,Gold,5,1462.81,6927.52,0,1.17,6,57.2,1,36.9,11,17.4,0,4,Debit Card,Night,0
CUST00566,30,Female,Basic,1,567.39,587.22,17,0.48,5,49.2,0,11.6,8,2.8,0,1,Net Banking,Evening,0
CUST00567,18,Male,Platinum,18,3247.96,60989.73,15,2.35,6,33.4,8,2.0,9,14.2,0,2,Debit Card,Evening,0
CUST00568,23,Female,Silver,20,788.47,15674.35,4,1.99,2,36.7,5,4.6,8,10.0,0,2,UPI,Night,0
CUST00569,18,Other,Silver,23,896.75,21331.75,18,1.18,0,36.8,10,1.6,3,12.2,1,7,Credit Card,Evening,0
CUST00570,31,Female,Silver,5,1322.19,6860.51,109,0.6,2,66.0,2,4.8,8,9.1,0,1,UPI,Morning,0
CUST00571,35,Male,Silver,12,1359.41,15368.79,47,0.75,3,48.0,2,0.3,6,2.3,0,1,Cash on Delivery,Morning,1
CUST00572,53,Male,Gold,7,2160.41,16250.86,12,1.24,6,63.4,5,13.8,5,9.8,1,2,Wallet,Evening,0
CUST00573,38,Male,Basic,1,598.65,629.4,186,0.05,2,66.0,0,2.7,5,9.2,0,1,UPI,Evening,1
CUST00574,32,Female,Basic,2,873.99,1665.33,47,0.38,1,56.7,0,13.7,0,1.0,2,1,UPI,Evening,1
CUST00575,44,Female,Gold,6,1101.44,6276.8,4,1.66,5,56.5,2,14.9,9,16.8,0,1,Debit Card,Morning,0
CUST00576,18,Male,Platinum,31,1939.77,56531.26,177,1.65,7,35.4,4,4.7,15,11.1,0,6,UPI,Night,0
CUST00577,37,Female,Gold,14,512.81,6763.95,8,1.77,7,36.5,3,4.2,11,12.5,1,1,Cash on Delivery,Evening,0
CUST00578,43,Female,Silver,12,1394.98,17404.43,54,1.07,2,60.0,4,12.9,7,5.2,0,2,Net Banking,Evening,0
CUST00579,18,Female,Gold,7,1137.13,7921.26,37,1.14,3,24.5,2,44.9,5,11.8,6,1,UPI,Morning,1
CUST00580,47,Female,Silver,9,916.34,8620.4,33,0.85,2,53.4,2,3.4,1,12.8,1,1,UPI,Night,0
CUST00581,38,Female,Silver,1,707.85,735.74,9,1.46,3,55.4,0,13.9,14,10.6,1,1,Net Banking,Evening,0
CUST00582,30,Female,Basic,5,776.52,3947.59,9,0.76,2,69.7,0,8.2,5,8.9,0,1,Credit Card,Evening,0
CUST00583,41,Male,Silver,5,850.08,4377.14,50,0.9,4,71.0,1,42.4,5,6.0,2,1,Debit Card,Night,0
CUST00584,59,Female,Basic,10,412.52,3807.3,48,0.42,2,55.1,2,12.3,4,7.7,1,3,UPI,Night,0
CUST00585,37,Female,Basic,2,730.38,1416.77,14,0.53,4,65.0,0,19.6,5,6.8,0,3,UPI,Afternoon,0
CUST00586,37,Female,Gold,12,897.83,11011.54,5,1.22,2,40.6,5,17.0,9,11.5,0,3,Debit Card,Night,0
CUST00587,29,Female,Basic,1,497.59,458.53,72,0.05,1,54.3,0,14.0,2,5.1,1,1,Credit Card,Evening,0
CUST00588,25,Female,Basic,32,266.55,7892.24,37,1.21,0,66.7,7,14.4,3,11.4,0,2,UPI,Morning,0
CUST00589,44,Male,Basic,11,390.84,4541.3,14,0.55,1,55.1,2,23.0,6,5.7,2,4,UPI,Afternoon,0
CUST00590,25,Male,Platinum,26,2729.97,73069.13,10,2.24,2,44.0,7,27.2,15,9.8,0,5,Debit Card,Afternoon,0
CUST00591,35,Male,Silver,8,427.43,3291.07,20,0.88,4,40.6,1,9.1,7,11.2,2,1,Net Banking,Evening,0
CUST00592,29,Male,Silver,15,556.02,8591.13,40,0.64,1,59.9,2,12.2,9,6.3,0,3,UPI,Evening,0
CUST00593,40,Female,Gold,13,1499.01,20398.99,153,1.33,4,58.4,2,17.9,9,11.9,1,2,Net Banking,Afternoon,1
CUST00594,38,Other,Gold,10,1271.69,12323.78,178,0.84,7,62.0,4,12.9,11,10.9,3,2,UPI,Night,1
CUST00595,46,Male,Basic,37,1012.55,34683.22,14,1.3,4,35.1,4,42.4,12,8.6,1,3,Credit Card,Night,0
CUST00596,29,Male,Silver,17,1437.82,26135.48,132,0.47,1,68.3,6,9.7,6,12.6,0,2,Net Banking,Evening,0
CUST00597,32,Female,Gold,11,1135.47,12180.77,16,1.04,3,39.7,1,6.2,4,9.5,0,3,Debit Card,Night,0
CUST00598,24,Male,Silver,14,1098.2,14406.76,37,0.75,6,53.7,1,8.1,5,12.8,1,3,UPI,Night,0
CUST00599,30,Female,Basic,16,786.37,12565.53,26,0.95,2,33.0,7,34.0,12,15.4,1,4,UPI,Afternoon,0
CUST00600,39,Female,Gold,37,1249.06,48200.39,22,1.41,3,46.6,14,5.7,3,8.8,0,9,UPI,Night,0
CUST00601,43,Female,Silver,11,552.19,5803.57,11,0.47,2,44.2,4,25.6,4,10.8,2,1,Wallet,Night,0
CUST00602,24,Male,Basic,7,647.76,4367.09,33,0.94,7,47.1,3,20.0,5,6.9,3,1,UPI,Morning,0
CUST00603,44,Male,Silver,13,904.02,11268.47,5,1.16,4,51.5,3,3.3,3,5.8,2,1,UPI,Night,0
CUST00604,49,Female,Basic,13,570.69,8002.6,61,0.69,3,64.4,3,26.0,7,8.1,0,3,UPI,Morning,1
CUST00605,39,Female,Basic,21,730.5,14597.78,17,0.75,4,63.5,8,12.2,8,4.1,1,3,Credit Card,Evening,0
CUST00606,55,Male,Gold,25,1184.69,29975.12,17,2.24,3,14.0,7,18.8,9,7.4,1,5,Net Banking,Evening,0
CUST00607,26,Female,Basic,17,440.34,7995.13,1,1.26,5,58.0,7,11.8,11,11.6,0,2,UPI,Night,0
CUST00608,21,Male,Silver,9,979.02,8313.38,216,0.66,8,57.2,1,7.3,5,7.0,0,2,Debit Card,Evening,1
CUST00609,18,Female,Silver,17,1052.67,19243.57,25,1.47,4,41.5,7,4.1,6,12.2,1,2,UPI,Evening,0
CUST00610,51,Male,Basic,10,435.85,4670.55,12,0.63,4,44.4,2,52.0,3,9.8,0,3,Credit Card,Evening,0
CUST00611,42,Female,Platinum,147,3275.65,511149.24,21,2.27,2,41.1,49,41.9,14,17.2,0,15,UPI,Evening,0
CUST00612,34,Male,Basic,1,327.77,312.8,365,0.05,2,62.4,0,64.8,5,9.9,0,1,UPI,Evening,1
CUST00613,38,Male,Basic,3,544.78,1669.39,60,0.44,1,61.0,2,4.6,2,12.4,0,2,Credit Card,Evening,0
CUST00614,22,Male,Basic,1,603.04,628.21,316,0.22,2,55.9,0,13.7,4,9.7,0,1,Net Banking,Night,1
CUST00615,61,Male,Basic,2,534.21,1151.51,217,0.79,5,23.4,2,23.9,10,10.0,2,1,Net Banking,Afternoon,1
CUST00616,36,Female,Basic,16,547.16,8306.92,192,0.87,2,47.1,7,11.2,3,13.1,1,6,Credit Card,Evening,1
CUST00617,36,Other,Gold,13,2285.85,30980.89,136,0.67,3,40.4,4,6.1,7,11.1,2,2,UPI,Morning,1
CUST00618,42,Male,Platinum,35,1980.56,67531.72,223,2.09,5,67.9,9,3.1,19,11.2,0,8,UPI,Evening,0
CUST00619,40,Male,Basic,6,1094.3,6225.04,19,0.89,6,53.6,1,5.8,8,9.8,0,1,Credit Card,Afternoon,0
CUST00620,37,Female,Silver,12,1066.28,12634.4,8,0.83,1,62.2,2,10.1,9,10.9,1,3,Wallet,Evening,0
CUST00621,26,Female,Gold,16,1538.66,25775.97,4,1.66,4,54.4,6,24.6,17,7.6,0,6,Cash on Delivery,Afternoon,0
CUST00622,40,Female,Gold,13,1700.02,21975.97,0,1.52,5,51.5,3,2.0,12,7.3,1,5,Debit Card,Morning,0
CUST00623,55,Male,Silver,3,1622.96,4898.11,11,1.02,5,46.8,2,15.6,8,14.2,1,1,Credit Card,Evening,0
CUST00624,49,Male,Basic,2,469.17,1012.68,102,0.41,1,50.2,0,16.6,7,15.0,0,1,Debit Card,Afternoon,0
CUST00625,52,Female,Basic,1,446.08,438.88,365,0.07,1,35.2,0,7.5,5,4.8,0,2,Credit Card,Afternoon,1
CUST00626,29,Male,Gold,15,1182.96,18072.03,7,1.01,1,53.6,5,17.7,1,6.9,0,3,Debit Card,Afternoon,0
CUST00627,24,Female,Gold,21,1513.5,31098.22,58,1.65,3,50.4,7,9.4,9,14.0,1,3,UPI,Night,0
CUST00628,33,Male,Basic,1,335.91,330.15,41,0.51,4,55.4,0,2.9,3,10.5,1,1,UPI,Morning,0
CUST00629,35,Female,Basic,6,654.07,4047.26,165,0.45,2,58.1,0,13.4,6,10.9,0,2,UPI,Night,1
CUST00630,47,Male,Platinum,11,3832.9,45115.84,19,1.95,3,29.9,4,8.6,14,13.5,2,4,Credit Card,Evening,0
CUST00631,18,Female,Gold,14,1563.59,22038.62,30,1.29,3,46.1,6,13.2,7,8.7,2,1,Debit Card,Morning,0
CUST00632,51,Female,Platinum,50,2386.92,124471.19,1,2.47,4,32.5,9,8.2,10,12.1,1,8,Net Banking,Evening,0
CUST00633,33,Female,Gold,8,1240.37,9270.75,6,1.28,4,57.7,2,18.7,10,10.4,0,1,Wallet,Night,0
CUST00634,30,Male,Basic,1,813.53,775.93,4,0.05,2,60.1,0,35.2,7,5.1,1,1,Cash on Delivery,Evening,0
CUST00635,23,Female,Silver,50,730.33,36528.95,33,1.16,1,43.0,9,10.1,8,10.5,0,11,UPI,Morning,0
CUST00636,18,Female,Silver,12,1441.14,15965.56,15,0.83,1,51.5,6,20.3,3,13.3,0,4,Credit Card,Evening,0
CUST00637,44,Female,Basic,6,1001.87,5773.52,91,0.51,4,43.4,2,2.6,5,7.4,1,1,Debit Card,Evening,0
CUST00638,35,Female,Silver,8,1018.3,8169.08,155,1.46,6,44.4,2,20.6,6,10.3,0,3,Wallet,Night,1
CUST00639,20,Female,Gold,26,1495.16,35857.28,37,1.39,4,55.8,6,21.7,14,10.4,1,7,UPI,Night,0
CUST00640,20,Female,Basic,3,837.58,2418.08,7,0.6,2,39.2,0,29.6,1,7.7,3,1,UPI,Morning,1
CUST00641,31,Male,Gold,21,1959.82,41248.61,6,0.99,3,51.4,3,6.6,6,11.6,1,5,UPI,Afternoon,0
CUST00642,53,Female,Silver,11,735.61,8186.41,15,0.82,4,44.4,6,7.1,0,6.6,1,4,Cash on Delivery,Afternoon,0
CUST00643,32,Female,Platinum,16,2216.67,37882.72,7,2.31,4,25.5,6,13.1,18,15.4,0,2,Wallet,Night,0
CUST00644,18,Male,Basic,1,409.33,418.85,172,0.05,0,82.0,0,23.5,3,10.3,0,1,Credit Card,Evening,1
CUST00645,32,Male,Basic,3,724.45,2143.7,76,0.57,3,70.5,1,1.0,2,5.4,0,1,Wallet,Night,0
CUST00646,32,Male,Silver,1,1127.32,1204.94,3,0.94,8,45.3,0,4.4,4,15.1,0,1,UPI,Afternoon,0
CUST00647,18,Female,Basic,9,404.31,3804.65,25,0.51,4,52.4,4,46.1,1,9.2,1,4,UPI,Evening,0
CUST00648,34,Female,Gold,1,1308.82,1246.0,31,1.76,4,21.6,0,11.9,14,7.6,0,1,Net Banking,Afternoon,0
CUST00649,32,Female,Gold,18,934.15,15821.54,1,1.52,5,28.8,6,52.4,7,13.7,2,7,UPI,Night,0
CUST00650,42,Female,Basic,10,486.42,5001.03,84,1.02,1,38.3,1,32.7,5,11.0,0,2,UPI,Evening,0
CUST00651,55,Male,Silver,6,1096.57,6642.46,233,0.55,3,55.2,2,2.5,10,2.5,0,3,Wallet,Night,0
CUST00652,47,Male,Silver,13,754.89,10268.41,222,0.95,5,51.0,5,18.0,5,7.3,1,4,Debit Card,Afternoon,1
CUST00653,32,Male,Basic,4,595.25,2471.98,20,0.53,1,59.7,0,13.1,1,9.6,0,1,Cash on Delivery,Evening,0
CUST00654,22,Male,Platinum,20,1415.32,28873.49,303,1.73,3,54.3,4,14.4,13,2.5,1,3,UPI,Afternoon,1
CUST00655,63,Male,Gold,46,1578.54,78263.65,139,1.73,1,49.5,15,29.7,5,10.4,0,15,Credit Card,Morning,0
CUST00656,35,Male,Silver,28,938.22,26411.35,150,1.71,5,33.3,11,11.1,16,10.6,0,4,UPI,Afternoon,0
CUST00657,35,Female,Gold,9,1193.84,10079.44,22,1.39,3,52.7,2,12.4,12,5.5,1,1,Wallet,Evening,0
CUST00658,34,Female,Silver,12,899.72,11363.72,39,1.08,6,59.0,1,27.0,7,10.2,1,2,UPI,Morning,1
CUST00659,37,Other,Platinum,18,2731.25,47210.58,2,2.13,5,37.8,5,5.3,12,10.6,1,3,Credit Card,Afternoon,0
CUST00660,33,Female,Silver,7,733.25,5360.48,83,0.65,2,32.6,1,19.7,4,4.6,3,1,UPI,Evening,1
CUST00661,28,Female,Gold,11,879.97,10387.61,48,0.76,2,68.1,1,7.3,5,12.1,0,4,Net Banking,Afternoon,0
CUST00662,28,Male,Gold,3,2258.34,6988.35,22,1.15,3,51.8,1,5.7,10,12.3,0,1,UPI,Afternoon,0
CUST00663,34,Female,Basic,1,534.74,542.96,365,0.05,5,26.3,0,53.5,5,7.0,2,1,UPI,Evening,1
CUST00664,29,Female,Gold,10,1459.36,14501.1,18,2.0,2,68.9,2,51.7,11,9.7,5,4,Credit Card,Morning,0
CUST00665,27,Male,Basic,7,833.97,5711.14,15,0.46,5,50.6,1,4.0,7,11.1,0,2,Credit Card,Afternoon,0
CUST00666,36,Male,Basic,8,1292.29,10095.17,44,0.38,1,86.2,4,29.2,5,7.8,1,2,UPI,Night,0
CUST00667,32,Female,Basic,18,423.5,7789.33,25,0.81,3,58.0,5,9.1,5,2.2,0,2,UPI,Morning,0
CUST00668,51,Male,Platinum,7,2927.47,21316.16,1,1.71,5,43.9,4,17.3,5,11.8,1,3,Wallet,Evening,0
CUST00669,18,Female,Gold,16,1202.83,19794.98,82,1.13,4,53.2,4,3.2,9,6.5,0,2,UPI,Afternoon,0
CUST00670,47,Female,Gold,9,1273.71,10910.23,3,1.42,6,40.1,4,5.6,3,8.3,1,1,UPI,Night,0
CUST00671,48,Male,Gold,17,1197.51,20338.08,20,1.76,8,46.7,3,17.6,11,15.2,0,4,UPI,Morning,0
CUST00672,18,Male,Silver,8,650.58,5447.5,20,1.08,2,75.5,4,14.1,4,8.8,0,3,Cash on Delivery,Night,0
CUST00673,31,Male,Platinum,23,2569.94,58878.84,0,2.19,0,31.7,8,4.6,15,10.6,0,2,UPI,Evening,0
CUST00674,30,Male,Silver,7,557.78,3927.34,84,0.93,4,59.0,4,6.0,7,10.9,0,4,Wallet,Morning,0
CUST00675,19,Male,Basic,11,822.32,9437.93,89,0.64,7,46.2,3,19.2,3,10.5,1,1,Wallet,Afternoon,1
CUST00676,26,Female,Basic,11,660.01,7447.44,228,0.57,7,53.4,2,23.3,5,5.5,0,1,Credit Card,Afternoon,1
CUST00677,22,Male,Gold,16,1677.42,26449.43,8,1.04,5,75.4,2,22.2,12,9.0,0,1,UPI,Afternoon,0
CUST00678,54,Female,Gold,33,1304.2,45761.48,3,1.42,5,55.0,6,4.4,5,9.8,0,5,Debit Card,Afternoon,0
CUST00679,45,Male,Basic,1,583.17,551.69,109,0.12,1,68.0,2,1.5,2,9.1,0,1,Debit Card,Night,0
CUST00680,48,Female,Basic,14,702.34,10612.33,17,0.53,3,56.6,2,6.2,2,9.6,0,1,Net Banking,Afternoon,0
CUST00681,42,Male,Gold,19,1011.1,18039.35,17,1.23,3,82.5,5,2.1,6,18.5,2,5,Wallet,Afternoon,0
CUST00682,22,Male,Basic,9,584.85,4855.15,365,1.39,2,37.5,1,11.1,6,5.6,0,3,UPI,Evening,1
CUST00683,29,Female,Gold,6,1138.96,7260.21,19,1.39,5,30.0,3,13.5,1,13.1,0,2,Debit Card,Night,0
CUST00684,40,Female,Platinum,39,1951.67,73009.07,41,1.61,5,67.4,13,21.5,10,14.1,0,4,UPI,Morning,0
CUST00685,21,Male,Silver,17,388.78,6852.16,289,0.85,1,48.6,4,6.1,10,10.7,1,2,Credit Card,Evening,1
CUST00686,42,Female,Basic,7,893.76,6567.65,28,0.68,5,59.5,5,38.7,7,6.5,1,1,Debit Card,Evening,0
CUST00687,32,Male,Gold,5,1211.65,6406.22,308,1.99,3,64.7,2,41.7,11,16.2,2,2,UPI,Morning,1
CUST00688,30,Female,Gold,33,1988.62,70786.16,16,1.19,2,55.5,12,27.1,8,1.8,0,6,UPI,Afternoon,0
CUST00689,42,Male,Silver,1,1234.3,1193.63,176,0.35,4,84.0,0,14.8,3,6.0,1,2,UPI,Morning,1
CUST00690,39,Male,Platinum,16,1663.79,27516.13,4,2.39,2,42.5,9,18.2,15,15.0,0,3,Credit Card,Afternoon,0
CUST00691,31,Female,Basic,1,451.91,424.1,55,0.05,4,51.1,0,12.3,4,6.8,0,1,Wallet,Afternoon,0
CUST00692,47,Female,Silver,5,1631.09,8033.85,238,0.75,4,25.8,0,10.6,7,14.5,0,1,Debit Card,Afternoon,1
CUST00693,23,Male,Gold,13,2235.39,30678.0,20,1.31,1,53.1,6,11.2,7,4.3,0,3,Net Banking,Evening,0
CUST00694,41,Female,Gold,18,1486.76,26195.01,48,1.38,1,22.2,5,11.2,11,5.8,0,4,UPI,Evening,0
CUST00695,41,Female,Basic,6,696.84,4241.98,112,0.74,2,58.0,3,20.3,0,7.0,0,1,UPI,Evening,0
CUST00696,31,Male,Gold,20,1235.04,24715.71,1,1.16,4,68.2,9,42.0,8,10.9,1,3,UPI,Evening,0
CUST00697,38,Female,Silver,21,1065.01,22887.49,26,0.8,1,53.4,6,15.0,3,8.2,1,3,UPI,Night,0
CUST00698,21,Male,Basic,1,519.47,558.77,28,0.5,5,58.3,0,49.1,3,6.9,2,2,Debit Card,Night,0
CUST00699,45,Female,Basic,8,280.11,2081.59,53,0.55,0,66.6,1,1.8,0,13.6,1,1,Wallet,Night,0
CUST00700,32,Female,Gold,5,944.95,4780.66,33,1.43,5,56.6,1,6.5,9,15.0,0,4,Credit Card,Morning,0
CUST00701,29,Female,Basic,2,653.84,1383.64,15,0.65,3,68.7,0,5.8,6,7.3,1,4,Credit Card,Afternoon,1
CUST00702,46,Male,Basic,14,444.15,6199.58,31,0.8,6,53.4,0,13.9,10,3.0,0,3,UPI,Evening,0
CUST00703,27,Male,Basic,9,637.76,5352.77,58,0.64,3,27.9,4,31.3,1,1.2,1,1,UPI,Afternoon,0
CUST00704,19,Male,Gold,3,1048.64,3176.39,3,1.56,5,61.6,2,9.8,12,10.7,2,1,UPI,Morning,0
CUST00705,18,Male,Silver,3,741.89,2165.87,146,0.35,4,54.4,1,16.9,4,10.7,0,1,Debit Card,Afternoon,0
CUST00706,41,Male,Gold,7,1858.33,12290.13,20,1.42,4,38.1,1,16.7,8,9.9,1,2,Credit Card,Night,0
CUST00707,20,Female,Basic,5,695.04,3669.27,134,0.67,2,58.7,1,32.7,7,8.6,0,1,UPI,Afternoon,1
CUST00708,54,Male,Silver,22,947.43,20915.49,309,1.16,4,53.0,7,25.2,8,6.6,1,7,Debit Card,Afternoon,1
CUST00709,18,Male,Silver,10,1183.8,12658.66,5,0.66,6,45.7,3,23.9,6,11.1,1,5,Debit Card,Morning,0
CUST00710,53,Female,Gold,7,1701.86,12496.31,18,1.17,2,35.2,1,7.6,5,15.3,0,2,UPI,Evening,0
CUST00711,37,Male,Platinum,37,3653.1,139337.98,1,1.9,3,50.4,6,16.0,9,2.5,2,3,Debit Card,Afternoon,0
CUST00712,33,Female,Basic,16,566.31,8343.37,152,0.69,3,44.3,1,1.2,8,8.6,0,1,Net Banking,Morning,0
CUST00713,29,Male,Silver,27,835.72,22303.86,113,1.26,4,51.3,9,26.4,11,6.1,1,5,UPI,Night,0
CUST00714,39,Female,Basic,2,413.2,786.4,219,0.36,3,61.6,3,2.0,3,3.2,1,2,Debit Card,Evening,1
CUST00715,34,Male,Silver,11,835.89,9799.14,18,1.22,2,61.9,4,11.8,1,5.5,0,4,UPI,Evening,1
CUST00716,47,Male,Basic,16,825.59,12521.67,25,0.54,3,81.1,10,16.0,4,10.0,0,4,Net Banking,Night,0
CUST00717,36,Female,Basic,3,886.6,2568.75,4,0.46,3,59.2,0,36.9,5,10.0,0,1,Cash on Delivery,Afternoon,0
CUST00718,36,Male,Basic,8,824.78,6616.01,69,0.43,4,51.5,2,7.8,4,13.6,1,1,Credit Card,Evening,0
CUST00719,31,Female,Silver,8,472.74,3638.73,23,1.16,3,70.6,1,9.4,9,9.4,2,1,UPI,Afternoon,0
CUST00720,34,Male,Basic,13,847.13,10501.46,16,0.61,2,67.7,6,15.7,3,2.6,1,6,Credit Card,Evening,1
CUST00721,38,Male,Gold,14,727.82,10351.04,33,2.2,8,44.4,3,12.9,13,9.8,1,1,UPI,Morning,0
CUST00722,18,Female,Silver,6,1188.9,6664.23,18,0.6,1,58.0,4,3.4,3,3.9,0,1,UPI,Morning,0
CUST00723,20,Male,Basic,9,583.06,4876.57,26,0.68,3,54.9,2,22.1,10,4.6,1,3,Debit Card,Afternoon,0
CUST00724,43,Female,Gold,45,1795.06,79126.54,19,1.21,4,52.2,12,32.0,14,11.5,2,4,UPI,Morning,0
CUST00725,36,Female,Basic,3,407.49,1265.63,16,0.2,0,57.2,0,9.9,0,8.9,1,2,UPI,Evening,0
CUST00726,32,Female,Silver,8,1261.53,10180.74,90,0.9,8,41.1,3,18.9,5,11.1,0,6,Net Banking,Evening,1
CUST00727,35,Female,Silver,9,560.32,4980.65,15,0.95,2,52.5,4,8.5,9,7.9,0,4,Debit Card,Evening,0
CUST00728,38,Male,Basic,30,528.34,16016.95,2,1.52,5,68.9,12,12.8,5,12.6,1,4,UPI,Morning,0
CUST00729,29,Male,Basic,8,468.35,3666.14,34,0.44,3,46.7,0,34.4,3,7.1,2,2,Debit Card,Afternoon,0
CUST00730,26,Male,Basic,2,330.72,707.6,365,0.1,4,55.9,0,9.1,6,12.0,0,1,Cash on Delivery,Evening,1
CUST00731,37,Female,Platinum,63,2668.82,156161.84,10,2.2,7,31.7,21,13.5,11,11.8,2,12,UPI,Evening,0
CUST00732,24,Other,Silver,2,1430.42,2940.21,365,0.17,2,72.5,0,1.2,9,7.5,1,1,Credit Card,Morning,1
CUST00733,39,Male,Silver,11,1659.4,19396.16,2,0.87,4,63.0,4,8.9,6,9.8,0,1,Net Banking,Evening,0
CUST00734,18,Female,Silver,9,975.84,9209.58,11,0.91,2,37.4,1,5.3,5,9.0,2,2,Debit Card,Evening,0
CUST00735,46,Male,Basic,5,853.24,4050.53,66,0.78,3,29.6,0,38.2,6,14.5,0,1,UPI,Morning,0
CUST00736,40,Female,Silver,6,1011.74,5872.23,2,1.24,3,60.5,3,18.8,7,10.3,0,1,UPI,Afternoon,0
CUST00737,37,Male,Gold,1,1709.53,1768.9,47,1.22,2,34.1,0,8.2,8,9.5,0,3,Net Banking,Afternoon,0
CUST00738,45,Other,Basic,7,587.73,3840.45,115,0.45,6,66.4,2,21.8,5,7.7,1,1,Cash on Delivery,Night,0
CUST00739,53,Female,Basic,3,685.5,2159.11,233,0.23,1,50.5,0,2.4,0,11.2,0,4,Net Banking,Afternoon,1
CUST00740,46,Male,Basic,1,747.82,774.01,128,0.11,2,67.5,0,45.5,3,10.6,2,1,Cash on Delivery,Afternoon,1
CUST00741,18,Male,Silver,5,796.13,4126.89,28,1.01,5,57.3,1,8.1,3,8.3,2,1,Debit Card,Night,0
CUST00742,20,Male,Platinum,10,2543.58,23808.89,3,1.65,7,40.3,4,16.9,6,5.9,2,1,Cash on Delivery,Afternoon,0
CUST00743,28,Male,Basic,2,639.37,1323.29,120,0.35,2,46.6,1,48.2,3,5.3,1,1,Debit Card,Evening,0
CUST00744,35,Male,Silver,11,1169.82,13238.24,13,0.55,2,62.5,5,0.3,0,8.0,0,3,Cash on Delivery,Morning,1
CUST00745,40,Female,Basic,7,455.98,3360.86,6,0.69,1,46.1,3,23.1,6,13.6,1,1,UPI,Night,0
CUST00746,27,Female,Platinum,33,2562.48,78359.68,4,2.73,6,51.5,9,8.0,9,10.4,1,6,Wallet,Night,0
CUST00747,37,Female,Basic,1,997.98,921.83,365,0.05,3,49.6,0,68.3,4,6.0,2,1,UPI,Evening,1
CUST00748,26,Male,Silver,1,1259.64,1234.05,106,0.25,4,62.2,0,18.9,0,2.1,0,1,UPI,Morning,0
CUST00749,28,Female,Gold,17,2066.66,33158.95,35,1.36,7,44.5,6,19.4,9,14.9,0,2,Credit Card,Morning,0
CUST00750,19,Female,Gold,54,1510.26,82315.88,23,1.41,7,48.8,20,21.5,9,11.7,0,10,UPI,Evening,0
CUST00751,24,Male,Silver,19,1035.39,20986.05,29,0.98,7,43.8,10,19.9,15,12.0,0,3,UPI,Afternoon,0
CUST00752,20,Female,Basic,4,832.41,3271.83,46,0.34,4,55.1,1,12.0,4,11.8,0,1,Cash on Delivery,Evening,0
CUST00753,24,Female,Basic,4,933.97,3942.07,45,0.43,0,25.8,1,5.1,0,7.9,0,1,Debit Card,Evening,1
CUST00754,46,Male,Basic,11,294.81,2983.6,26,0.63,2,45.2,1,3.8,9,9.1,1,1,Cash on Delivery,Night,0
CUST00755,24,Male,Basic,27,410.59,10497.96,64,0.86,5,46.0,11,4.3,5,14.2,0,3,Cash on Delivery,Afternoon,0
CUST00756,63,Female,Silver,6,1298.31,7204.59,148,0.22,4,57.4,3,20.2,3,8.9,0,1,Credit Card,Evening,0
CUST00757,40,Male,Basic,13,599.61,7580.6,0,0.37,0,72.6,5,35.1,5,10.5,1,1,UPI,Evening,1
CUST00758,37,Female,Basic,8,527.75,4497.74,55,0.57,2,47.0,2,7.2,0,11.7,1,1,UPI,Evening,0
CUST00759,25,Female,Silver,1,616.39,576.64,12,0.58,4,72.3,2,20.3,5,10.9,1,2,Credit Card,Night,1
CUST00760,42,Female,Platinum,102,2195.95,227800.4,24,2.71,4,28.0,29,7.7,10,10.8,0,6,Debit Card,Morning,0
CUST00761,28,Male,Silver,3,576.97,1717.48,87,0.68,3,41.3,1,11.9,8,8.7,0,3,Credit Card,Evening,0
CUST00762,36,Male,Basic,10,1030.58,11028.8,5,0.49,1,33.5,1,39.4,7,11.3,2,1,Credit Card,Night,0
CUST00763,63,Female,Basic,1,645.92,606.91,5,0.69,6,61.7,0,1.4,0,11.5,0,1,UPI,Afternoon,0
CUST00764,33,Female,Platinum,21,2557.81,51239.11,11,1.89,4,45.9,9,4.2,13,14.4,1,4,Credit Card,Afternoon,0
CUST00765,47,Male,Basic,1,757.03,700.05,365,0.05,0,66.2,1,17.5,4,10.0,0,1,UPI,Morning,1
CUST00766,27,Female,Basic,10,825.15,8164.28,28,0.35,4,58.8,4,25.7,0,10.5,0,1,Wallet,Evening,0
CUST00767,34,Female,Silver,19,1201.61,22019.04,30,1.26,4,49.8,4,58.7,7,8.0,2,1,UPI,Evening,0
CUST00768,54,Male,Silver,9,1235.58,11778.37,35,0.78,1,57.2,3,11.1,8,6.9,0,2,Credit Card,Morning,0
CUST00769,28,Male,Silver,11,782.2,8748.67,153,0.6,5,81.0,7,45.2,2,11.5,1,1,UPI,Evening,1
CUST00770,54,Female,Basic,1,595.79,606.67,1,0.82,2,47.7,0,14.6,9,7.0,0,1,Net Banking,Night,0
CUST00771,42,Male,Basic,3,789.96,2381.98,108,0.38,2,81.6,2,57.6,0,8.4,4,1,UPI,Night,1
CUST00772,28,Male,Platinum,15,2216.06,31070.14,4,1.92,3,54.9,7,16.7,13,15.1,2,4,UPI,Evening,0
CUST00773,41,Male,Basic,11,649.07,7076.96,365,0.55,3,60.0,4,14.5,3,12.9,0,2,Debit Card,Evening,1
CUST00774,45,Male,Silver,5,1056.07,5702.36,244,1.17,1,57.3,0,12.9,10,10.5,0,3,Cash on Delivery,Night,1
CUST00775,41,Female,Gold,27,1829.78,52053.93,12,2.23,5,3.8,6,14.5,10,9.6,1,2,Cash on Delivery,Afternoon,0
CUST00776,18,Female,Silver,13,477.14,6593.31,52,1.19,2,47.3,2,29.9,3,9.0,0,1,UPI,Evening,0
CUST00777,27,Male,Basic,7,780.08,5742.96,66,0.91,3,44.7,0,20.2,9,12.1,0,2,Debit Card,Evening,0
CUST00778,32,Female,Basic,3,607.46,1706.63,43,0.32,5,82.8,2,19.3,6,8.3,0,2,UPI,Afternoon,0
CUST00779,34,Female,Silver,4,1138.18,4354.18,266,0.54,3,51.6,3,5.3,6,6.7,0,1,UPI,Morning,0
CUST00780,41,Female,Gold,1,1826.31,1681.12,31,1.42,7,48.3,1,7.0,9,14.0,2,2,Credit Card,Morning,0
CUST00781,36,Male,Platinum,48,3770.56,175296.95,8,2.14,1,42.3,10,14.1,16,11.2,0,8,UPI,Afternoon,0
CUST00782,20,Male,Basic,1,896.33,840.2,52,0.12,3,43.3,2,5.1,1,6.1,0,1,Net Banking,Evening,0
CUST00783,39,Other,Basic,4,895.08,3564.73,161,0.44,4,49.8,4,16.5,9,10.2,1,4,Cash on Delivery,Night,1
CUST00784,41,Female,Platinum,66,3650.99,247794.39,3,2.24,1,51.9,16,20.1,12,14.1,2,8,UPI,Afternoon,0
CUST00785,41,Male,Gold,23,1622.38,39550.67,254,1.53,2,22.2,11,2.8,12,6.3,1,3,UPI,Afternoon,0
CUST00786,46,Male,Gold,7,1513.52,11017.1,0,1.58,3,51.1,2,9.9,15,9.2,0,3,Credit Card,Evening,0
CUST00787,44,Male,Basic,1,808.85,865.61,251,0.6,2,44.4,0,3.0,8,7.9,0,1,Debit Card,Afternoon,1
CUST00788,40,Female,Silver,10,1144.73,10630.23,45,0.72,1,69.8,4,17.2,1,10.5,1,3,Cash on Delivery,Morning,1
CUST00789,34,Female,Gold,10,1370.19,12632.45,9,1.22,5,55.0,3,23.3,9,11.7,0,2,Wallet,Morning,0
CUST00790,18,Female,Silver,7,1057.68,7594.88,24,0.48,3,37.9,4,10.2,5,6.6,0,4,Debit Card,Afternoon,0
CUST00791,39,Male,Silver,22,940.66,19997.04,8,1.52,4,42.8,2,2.2,15,4.6,0,3,UPI,Morning,0
CUST00792,37,Female,Basic,12,494.58,5700.89,68,0.5,4,61.4,3,14.7,7,12.2,0,2,Net Banking,Afternoon,0
CUST00793,37,Female,Silver,5,1293.26,6291.33,2,0.82,2,49.8,1,38.2,8,5.1,3,1,UPI,Evening,0
CUST00794,20,Male,Basic,2,660.05,1271.48,365,0.17,2,60.3,1,16.0,0,9.2,2,2,Cash on Delivery,Afternoon,1
CUST00795,23,Female,Silver,32,1494.96,47926.26,4,1.93,4,44.3,6,33.7,8,9.9,1,10,UPI,Morning,0
CUST00796,46,Female,Platinum,28,1416.64,39286.07,140,1.72,2,56.6,6,20.1,9,10.6,3,6,Debit Card,Night,0
CUST00797,34,Male,Basic,4,548.67,2199.04,16,0.35,3,62.5,2,2.4,5,14.2,0,1,UPI,Evening,0
CUST00798,42,Female,Gold,47,1513.71,73110.39,29,1.55,3,47.1,21,3.2,6,20.5,0,10,Credit Card,Morning,0
CUST00799,35,Male,Basic,10,857.0,8415.23,268,0.71,3,54.5,4,43.2,5,3.1,1,2,Debit Card,Morning,1
CUST00800,35,Female,Silver,20,1056.26,20284.61,2,1.24,1,37.1,6,59.7,9,12.9,2,2,Debit Card,Evening,0
CUST00801,45,Female,Platinum,44,2826.02,117703.88,23,2.73,6,55.7,9,24.4,15,10.7,1,6,Net Banking,Evening,0
CUST00802,29,Female,Basic,4,444.84,1736.51,87,0.68,1,90.1,0,3.0,6,12.5,0,1,Debit Card,Morning,1
CUST00803,36,Female,Basic,1,439.44,456.44,119,0.13,2,55.0,1,25.3,0,11.5,1,1,UPI,Afternoon,1
CUST00804,29,Male,Silver,3,1035.79,3235.0,45,0.81,4,54.1,1,21.8,5,13.9,0,2,Wallet,Night,0
CUST00805,30,Female,Basic,11,401.73,4537.04,40,0.61,5,67.3,7,14.7,7,9.7,1,1,Wallet,Evening,0
CUST00806,31,Female,Gold,3,1276.61,3666.85,27,2.12,4,55.1,1,5.0,9,7.4,2,1,UPI,Afternoon,0
CUST00807,37,Male,Platinum,15,2964.67,45096.8,7,1.61,3,49.3,7,16.5,11,13.2,5,4,Wallet,Afternoon,0
CUST00808,29,Female,Silver,12,688.7,8357.87,17,1.32,5,37.7,3,13.4,13,10.0,0,4,Cash on Delivery,Morning,0
CUST00809,48,Female,Basic,5,942.17,4698.99,35,0.56,1,77.3,2,12.7,3,7.9,2,1,Debit Card,Afternoon,0
CUST00810,25,Male,Silver,12,1275.57,15429.24,11,1.19,4,58.6,3,19.7,18,7.8,0,2,UPI,Night,0
CUST00811,32,Female,Gold,32,840.0,26844.69,49,1.36,5,51.7,4,7.3,11,13.2,1,5,Debit Card,Morning,0
CUST00812,30,Female,Basic,1,480.31,485.34,27,0.21,4,49.7,0,8.4,0,13.9,0,1,Credit Card,Night,0
CUST00813,50,Male,Silver,25,341.98,8844.29,4,1.16,0,51.4,8,1.6,8,5.2,0,1,Debit Card,Afternoon,0
CUST00814,37,Other,Silver,10,741.83,6954.96,238,1.13,1,29.2,5,21.0,10,11.5,1,4,Debit Card,Afternoon,1
CUST00815,46,Male,Silver,19,1153.86,22798.96,26,1.24,1,59.0,3,7.8,5,8.2,0,5,Cash on Delivery,Morning,0
CUST00816,18,Male,Basic,7,574.67,3788.34,13,0.5,1,67.9,1,34.2,0,3.5,2,1,Debit Card,Evening,0
CUST00817,37,Male,Gold,4,1693.53,6304.41,169,1.19,4,53.2,1,7.6,9,9.9,0,3,UPI,Evening,1
CUST00818,44,Female,Basic,2,372.94,802.7,365,0.05,1,48.1,1,39.5,0,5.1,2,1,Net Banking,Evening,1
CUST00819,35,Female,Basic,18,795.23,15360.77,11,0.79,4,59.1,3,14.6,4,3.4,0,3,UPI,Evening,0
CUST00820,46,Male,Gold,9,1266.85,10599.77,21,1.55,3,57.1,2,27.3,7,7.1,2,1,UPI,Afternoon,0
CUST00821,29,Male,Gold,18,1505.11,26846.0,38,1.06,2,42.6,3,14.2,4,5.7,0,2,Credit Card,Evening,0
CUST00822,50,Female,Basic,2,633.1,1202.64,57,0.31,1,68.7,0,5.1,3,6.1,0,1,UPI,Morning,0
CUST00823,60,Male,Basic,1,418.58,417.6,247,0.34,2,63.6,0,11.4,4,3.8,0,1,Cash on Delivery,Evening,1
CUST00824,31,Female,Basic,1,440.14,463.39,365,0.05,1,56.3,0,14.4,0,6.7,0,1,Debit Card,Morning,1
CUST00825,30,Female,Basic,7,826.14,6199.92,86,0.21,3,51.6,2,27.4,3,5.8,1,1,Net Banking,Afternoon,1
CUST00826,50,Female,Basic,2,722.62,1476.28,245,0.1,2,57.0,1,37.5,0,9.4,0,1,UPI,Night,1
CUST00827,52,Female,Basic,2,841.11,1642.9,100,0.36,5,45.5,0,3.0,8,10.5,1,3,Net Banking,Morning,0
CUST00828,29,Male,Silver,16,1036.36,16855.89,250,0.64,1,58.0,9,8.3,14,9.7,0,3,Debit Card,Night,1
CUST00829,30,Other,Gold,23,1560.06,34802.08,76,0.83,3,60.1,7,5.6,4,8.2,1,3,Credit Card,Night,0
CUST00830,31,Female,Silver,9,490.88,4707.61,210,1.61,2,61.2,1,8.1,6,9.0,1,2,Cash on Delivery,Afternoon,1
CUST00831,20,Female,Silver,41,878.08,38134.86,8,1.34,2,52.9,7,5.6,10,6.7,0,3,Credit Card,Morning,0
CUST00832,24,Male,Basic,2,645.02,1302.06,32,0.23,0,62.9,1,34.5,3,5.4,1,3,Debit Card,Evening,1
CUST00833,23,Female,Platinum,15,4021.86,58636.78,1,2.2,5,39.2,8,30.9,16,13.1,0,2,UPI,Night,0
CUST00834,26,Male,Gold,2,1788.52,3458.79,1,1.55,3,37.1,0,34.3,13,3.7,1,1,UPI,Morning,0
CUST00835,34,Male,Gold,9,2145.15,17865.07,34,1.82,5,40.3,3,9.7,12,9.9,1,1,Wallet,Night,0
CUST00836,37,Male,Gold,11,1750.97,20233.94,31,1.11,2,68.2,1,17.0,6,8.2,1,3,Net Banking,Night,0
CUST00837,52,Female,Platinum,41,2082.17,84691.25,276,2.48,7,47.8,14,4.9,16,13.1,1,8,Debit Card,Evening,0
CUST00838,24,Female,Silver,2,981.16,1907.42,40,0.71,3,59.2,1,32.1,6,3.9,1,1,Cash on Delivery,Night,0
CUST00839,45,Female,Basic,1,692.99,689.79,365,0.05,3,37.8,0,32.2,3,8.1,1,1,Credit Card,Afternoon,1
CUST00840,32,Female,Silver,28,700.18,20604.86,313,1.15,0,54.5,9,9.3,1,10.6,2,3,Debit Card,Evening,1
CUST00841,34,Male,Gold,43,1338.56,54101.04,33,1.85,7,29.2,14,16.6,18,3.6,0,9,Credit Card,Afternoon,0
CUST00842,42,Female,Gold,48,1413.58,71734.66,182,2.31,11,26.5,11,20.7,10,7.0,1,6,Debit Card,Morning,0
CUST00843,22,Male,Silver,5,1377.09,7323.37,163,0.48,3,42.4,1,24.4,5,8.3,0,1,UPI,Evening,0
CUST00844,39,Female,Basic,9,271.31,2616.31,48,0.74,4,44.8,2,6.8,4,10.7,0,3,Credit Card,Morning,0
CUST00845,36,Female,Basic,6,869.46,5131.2,25,0.36,0,67.1,1,7.4,2,9.1,0,1,Cash on Delivery,Evening,0
CUST00846,40,Female,Platinum,76,1918.01,139171.63,10,2.37,3,43.7,19,20.1,11,12.8,1,10,UPI,Night,0
CUST00847,38,Female,Silver,1,585.03,573.2,59,0.39,1,45.6,0,7.6,0,4.7,0,1,UPI,Afternoon,0
CUST00848,62,Male,Silver,4,1263.86,4920.29,260,0.46,2,49.4,2,15.1,6,3.0,2,1,UPI,Afternoon,0
CUST00849,27,Male,Basic,3,783.21,2227.88,117,0.23,3,64.2,3,7.6,0,8.6,1,3,Credit Card,Evening,1
CUST00850,29,Female,Basic,6,878.32,5360.37,21,0.53,7,64.2,0,30.1,0,4.3,3,1,Credit Card,Afternoon,1
CUST00851,28,Male,Gold,5,1836.29,9147.11,1,1.18,6,52.2,3,6.6,12,6.4,2,1,UPI,Night,0
CUST00852,28,Male,Silver,19,1497.92,30125.76,79,1.13,5,37.2,4,21.9,6,12.6,2,2,Debit Card,Afternoon,0
CUST00853,27,Female,Gold,11,1734.66,17652.79,17,1.76,4,41.0,5,17.4,9,10.8,0,3,Debit Card,Evening,0
CUST00854,48,Female,Silver,12,908.38,11151.48,57,1.11,3,79.7,8,1.2,9,7.3,1,3,Net Banking,Afternoon,0
CUST00855,50,Male,Silver,19,1041.22,20615.49,23,1.47,7,33.7,4,9.0,13,7.3,0,2,Cash on Delivery,Morning,0
CUST00856,28,Male,Basic,5,876.31,4563.46,21,0.65,6,59.3,1,24.7,2,10.9,4,1,Debit Card,Morning,0
CUST00857,25,Female,Gold,16,1172.66,19921.56,22,0.97,2,77.7,5,5.1,4,9.9,1,5,UPI,Morning,0
CUST00858,40,Female,Silver,35,776.6,28177.06,25,1.38,1,45.7,9,27.3,4,5.4,2,1,UPI,Evening,0
CUST00859,28,Male,Silver,5,867.82,4636.11,141,0.69,2,76.5,0,19.7,7,2.0,0,2,Net Banking,Evening,1
CUST00860,41,Male,Silver,8,390.18,3037.86,7,1.22,1,42.0,2,1.5,12,16.0,0,1,Debit Card,Morning,0
CUST00861,37,Male,Platinum,13,2700.52,35124.79,24,2.65,7,15.1,2,10.3,12,6.9,0,1,UPI,Morning,0
CUST00862,18,Male,Basic,6,306.72,1697.24,117,0.66,2,47.8,0,16.9,9,10.6,3,1,UPI,Evening,0
CUST00863,52,Male,Gold,12,1522.28,16826.31,149,0.88,5,43.9,4,16.0,4,14.3,0,5,Net Banking,Night,1
CUST00864,54,Female,Basic,2,807.48,1547.81,365,0.18,4,38.5,0,7.9,4,8.7,0,1,Debit Card,Evening,1
CUST00865,28,Female,Silver,19,823.15,14640.92,11,1.36,8,44.1,8,4.1,4,7.5,0,2,Debit Card,Morning,0
CUST00866,30,Female,Basic,3,955.24,2755.77,365,0.44,0,68.4,0,11.0,3,3.5,2,1,UPI,Night,1
CUST00867,38,Male,Basic,3,384.19,1093.01,69,0.53,1,48.6,1,42.8,5,3.6,1,1,Debit Card,Night,0
CUST00868,38,Female,Silver,15,1266.88,17569.66,1,1.17,4,46.2,2,4.5,5,10.7,0,5,Net Banking,Afternoon,0
CUST00869,42,Male,Basic,4,772.87,3293.94,96,0.74,2,70.5,1,3.5,8,14.0,2,1,Wallet,Evening,0
CUST00870,57,Other,Silver,11,493.54,5001.77,20,1.0,6,43.0,2,15.8,3,7.8,1,2,Net Banking,Evening,0
CUST00871,33,Female,Platinum,28,4573.46,132893.99,9,2.03,5,51.2,9,6.4,9,8.5,0,4,Debit Card,Night,0
CUST00872,26,Male,Basic,6,638.4,3617.21,232,0.39,4,36.4,1,39.8,5,10.9,0,4,Debit Card,Evening,1
CUST00873,19,Female,Gold,11,1131.46,13266.96,3,1.7,4,34.8,3,21.0,16,7.6,3,2,Credit Card,Night,0
CUST00874,26,Male,Silver,22,575.71,13461.62,17,1.09,4,48.7,8,4.2,9,10.3,1,1,UPI,Afternoon,0
CUST00875,34,Female,Silver,1,891.48,913.43,66,0.81,4,68.0,0,7.2,7,9.1,0,1,Wallet,Afternoon,0
CUST00876,54,Male,Basic,11,626.81,7084.92,1,0.88,3,42.0,8,6.9,8,7.6,0,2,Debit Card,Evening,0
CUST00877,29,Male,Basic,5,668.68,3078.78,21,0.45,5,45.3,0,7.7,7,8.5,0,1,Debit Card,Evening,0
CUST00878,37,Female,Basic,1,595.8,642.02,0,0.2,2,61.7,1,6.3,0,14.4,1,1,Cash on Delivery,Evening,0
CUST00879,34,Male,Basic,3,765.25,2434.54,69,0.23,1,63.3,0,42.9,1,10.4,0,2,Cash on Delivery,Night,1
CUST00880,48,Female,Basic,1,579.45,616.08,248,0.16,3,46.3,0,14.1,0,12.0,0,1,Debit Card,Evening,1
CUST00881,62,Male,Silver,12,435.3,5356.69,60,0.8,6,47.3,8,2.8,12,5.8,0,4,UPI,Evening,0
CUST00882,29,Female,Gold,1,1437.27,1401.58,48,1.83,8,58.4,0,1.4,13,14.0,0,1,Credit Card,Evening,0
CUST00883,29,Female,Gold,11,505.66,5912.59,25,1.12,4,36.9,4,17.9,7,11.6,0,1,Cash on Delivery,Evening,0
CUST00884,46,Female,Silver,5,1044.1,5046.36,9,0.97,6,56.4,0,43.4,9,3.9,1,1,UPI,Afternoon,0
CUST00885,42,Male,Basic,6,471.77,2859.02,286,0.27,5,51.6,0,30.8,0,10.2,2,1,Cash on Delivery,Evening,1
CUST00886,55,Male,Basic,1,679.73,636.2,110,0.41,4,73.6,0,13.7,9,6.7,1,1,UPI,Afternoon,0
CUST00887,41,Male,Basic,1,889.16,949.19,342,0.05,2,66.6,0,5.3,4,2.6,0,1,Debit Card,Morning,1
CUST00888,31,Male,Basic,8,477.33,3599.16,84,0.42,3,67.2,3,9.3,6,9.0,0,3,Credit Card,Morning,0
CUST00889,41,Female,Silver,22,1232.29,25917.08,93,0.83,3,46.9,9,4.9,0,10.9,1,4,UPI,Night,0
CUST00890,47,Female,Silver,8,834.72,6739.87,34,1.09,3,61.2,2,14.2,12,9.8,1,3,Cash on Delivery,Morning,0
CUST00891,44,Female,Basic,8,969.08,8080.23,24,0.58,5,65.0,0,13.5,4,8.3,1,2,Debit Card,Morning,0
CUST00892,40,Female,Basic,1,583.54,594.68,365,0.08,0,65.6,1,34.2,0,6.9,1,1,UPI,Afternoon,1
CUST00893,46,Female,Gold,19,1146.99,20858.8,1,1.78,4,42.4,5,2.6,10,18.8,0,5,Credit Card,Afternoon,0
CUST00894,47,Female,Gold,37,1788.64,60895.29,10,1.47,1,50.2,13,29.1,5,5.6,3,7,Net Banking,Afternoon,0
CUST00895,50,Male,Basic,22,570.69,13071.75,27,0.57,4,33.2,4,4.3,1,11.7,0,4,UPI,Morning,0
CUST00896,42,Female,Platinum,23,1987.42,49259.32,3,2.1,6,64.3,8,13.8,11,10.6,1,2,Wallet,Morning,0
CUST00897,33,Female,Platinum,4,2252.13,9455.22,0,1.92,5,37.4,1,10.0,12,7.3,0,2,UPI,Night,0
CUST00898,36,Female,Basic,12,641.88,7653.52,7,0.58,2,51.4,2,49.7,6,8.5,2,3,UPI,Evening,0
CUST00899,48,Male,Basic,1,894.28,952.05,48,0.67,1,38.9,0,15.1,10,3.9,0,1,UPI,Morning,0
CUST00900,26,Male,Silver,1,435.53,429.25,169,0.29,2,65.8,0,34.6,3,6.3,1,3,UPI,Evening,1
CUST00901,39,Male,Platinum,41,2616.8,107716.82,70,1.91,2,51.1,14,37.1,3,10.1,1,5,UPI,Evening,0
CUST00902,30,Female,Gold,11,1762.46,19316.12,10,1.31,8,46.0,5,19.0,7,4.1,0,2,Cash on Delivery,Evening,0
CUST00903,35,Female,Basic,5,685.21,3397.34,47,0.59,5,27.3,3,12.0,8,10.5,1,1,UPI,Evening,0
CUST00904,49,Male,Basic,15,888.4,13912.75,90,0.92,2,44.1,2,5.4,6,5.7,0,6,UPI,Afternoon,0
CUST00905,37,Other,Silver,6,930.22,5605.22,9,0.63,5,60.5,5,4.7,10,3.7,0,1,UPI,Evening,0
CUST00906,35,Male,Silver,13,900.91,11368.38,52,0.73,3,57.2,3,21.4,8,5.1,0,2,Debit Card,Afternoon,0
CUST00907,20,Male,Basic,5,757.8,3642.39,132,0.32,0,56.9,1,10.3,0,16.0,1,1,Net Banking,Afternoon,1
CUST00908,43,Male,Gold,17,1541.71,24270.64,2,1.12,4,46.0,5,10.7,7,2.4,1,3,Net Banking,Afternoon,0
CUST00909,42,Female,Silver,15,846.15,12861.2,76,0.78,3,34.8,4,16.4,8,10.5,2,2,UPI,Evening,1
CUST00910,58,Female,Gold,13,1716.78,21353.86,30,1.67,6,58.2,6,21.8,16,7.4,0,4,Debit Card,Evening,0
CUST00911,31,Male,Gold,4,1225.94,4627.69,1,1.03,2,34.5,0,21.0,12,8.0,0,2,Debit Card,Afternoon,0
CUST00912,37,Female,Gold,22,1243.31,28026.05,2,1.55,3,45.2,5,14.1,10,12.0,0,2,Credit Card,Night,0
CUST00913,37,Male,Silver,2,809.55,1666.04,5,0.3,1,45.1,1,6.5,5,10.3,1,1,Credit Card,Night,0
CUST00914,52,Female,Silver,9,1309.92,12264.92,17,0.7,3,66.3,3,25.3,8,6.5,0,1,Net Banking,Afternoon,0
CUST00915,33,Female,Basic,1,150.0,150.09,56,0.38,6,63.9,1,7.6,3,3.7,1,1,Credit Card,Afternoon,0
CUST00916,38,Female,Silver,14,1055.23,15704.65,15,1.49,1,43.8,5,10.7,6,12.0,0,3,UPI,Evening,0
CUST00917,41,Male,Basic,3,656.24,2106.17,23,0.4,4,65.1,0,44.3,4,10.4,0,3,UPI,Morning,1
CUST00918,37,Female,Silver,1,502.89,527.62,365,0.13,4,41.1,0,25.5,4,7.2,0,2,Credit Card,Evening,1
CUST00919,30,Female,Basic,1,706.37,721.69,184,0.05,2,58.6,0,10.9,0,9.6,1,1,UPI,Evening,1
CUST00920,37,Male,Basic,5,736.59,3567.29,3,0.51,5,43.2,4,66.7,8,7.1,4,1,Debit Card,Afternoon,1
CUST00921,46,Female,Basic,9,757.31,7342.45,15,0.71,0,66.6,2,3.7,9,6.0,0,4,Wallet,Morning,0
CUST00922,23,Male,Basic,14,167.37,2258.5,36,0.63,2,59.4,3,0.6,1,8.8,2,6,Debit Card,Morning,0
CUST00923,36,Female,Gold,28,2073.88,55306.03,11,1.46,1,56.1,7,15.4,12,11.6,0,5,Credit Card,Evening,0
CUST00924,27,Male,Gold,15,1190.15,17687.02,5,1.81,5,38.9,3,12.0,11,11.3,0,3,Net Banking,Afternoon,0
CUST00925,48,Female,Silver,8,1132.63,8418.56,172,0.71,4,63.2,4,13.8,4,10.6,0,1,Net Banking,Evening,0
CUST00926,18,Female,Basic,15,784.88,12674.55,63,0.81,0,40.1,8,63.1,11,6.3,1,5,Credit Card,Afternoon,1
CUST00927,28,Male,Basic,1,490.44,497.38,365,0.05,2,47.9,1,45.1,2,13.6,2,1,Debit Card,Morning,1
CUST00928,39,Male,Basic,1,770.2,777.22,65,0.18,1,56.4,1,25.0,8,7.0,1,4,Net Banking,Evening,0
CUST00929,52,Male,Basic,1,579.84,594.29,365,0.05,3,48.4,0,7.5,0,7.6,1,1,UPI,Evening,1
CUST00930,34,Male,Gold,25,630.02,15743.0,22,1.3,1,58.1,3,4.0,4,4.9,0,6,Credit Card,Evening,0
CUST00931,28,Male,Basic,1,862.53,797.95,194,0.48,2,50.4,1,5.3,4,7.9,0,3,UPI,Afternoon,1
CUST00932,55,Female,Basic,2,508.94,1036.17,28,0.54,2,42.7,1,11.5,6,10.5,2,1,Cash on Delivery,Afternoon,1
CUST00933,19,Male,Basic,2,494.48,1023.17,135,0.52,3,41.3,0,6.1,1,11.3,0,1,UPI,Night,1
CUST00934,18,Male,Basic,1,576.64,568.96,140,0.18,0,67.0,1,3.7,0,13.7,1,1,UPI,Evening,1
CUST00935,39,Female,Silver,12,1022.41,12774.0,22,0.83,2,22.8,3,7.9,8,10.8,4,2,Credit Card,Evening,0
CUST00936,29,Male,Silver,2,934.77,1787.88,83,0.38,2,44.9,0,17.0,0,9.4,0,1,Wallet,Morning,0
CUST00937,23,Female,Basic,18,749.75,12893.66,94,0.98,3,69.0,2,18.1,8,7.6,0,1,Credit Card,Afternoon,0
CUST00938,42,Female,Basic,5,406.21,1921.02,121,0.39,1,52.7,1,13.0,2,6.2,0,1,Net Banking,Evening,0
CUST00939,37,Female,Basic,1,514.89,504.34,4,0.33,5,66.0,0,30.7,5,11.8,1,3,Debit Card,Night,0
CUST00940,28,Female,Basic,9,628.89,5974.26,11,1.06,3,56.7,1,45.8,4,12.6,3,1,Debit Card,Night,0
CUST00941,20,Female,Basic,1,995.42,1047.65,254,0.07,4,57.2,0,41.1,6,4.3,0,1,Wallet,Night,1
CUST00942,44,Male,Platinum,20,2517.14,49398.97,7,1.71,7,26.4,4,10.0,11,12.6,0,2,UPI,Morning,0
CUST00943,42,Male,Silver,3,1238.67,3769.0,70,0.52,4,40.0,0,37.2,6,10.9,1,1,Cash on Delivery,Night,0
CUST00944,33,Male,Silver,21,960.26,20877.92,60,0.88,4,36.9,4,14.6,9,5.2,1,2,Wallet,Night,0
CUST00945,55,Female,Silver,4,821.35,3149.36,38,1.05,5,57.4,2,11.5,2,11.2,0,1,Cash on Delivery,Morning,0
CUST00946,23,Male,Silver,8,884.37,6699.3,118,1.16,4,58.8,2,53.1,11,5.7,0,2,Net Banking,Afternoon,0
CUST00947,18,Female,Silver,43,905.2,41863.71,5,1.8,8,35.1,14,10.3,6,1.7,1,4,Wallet,Evening,0
CUST00948,27,Other,Silver,2,1110.57,2262.92,365,0.11,0,58.2,0,29.3,0,7.6,0,2,UPI,Afternoon,1
CUST00949,34,Female,Gold,5,2077.34,11186.75,27,1.61,5,47.2,2,8.9,17,10.8,3,2,UPI,Evening,0
CUST00950,37,Female,Basic,3,715.46,2090.66,44,0.31,1,58.5,1,14.6,7,8.0,0,1,UPI,Night,0
CUST00951,32,Male,Silver,4,1265.76,5227.51,57,0.69,3,45.3,1,26.6,11,18.9,0,1,UPI,Night,0
CUST00952,38,Female,Silver,1,693.37,662.6,5,0.68,1,74.2,0,16.1,5,10.1,1,1,Net Banking,Night,0
CUST00953,21,Female,Gold,10,1325.86,12752.02,43,1.08,3,59.5,4,8.5,6,9.8,0,1,UPI,Evening,0
CUST00954,50,Male,Silver,47,757.34,35662.76,15,1.49,4,49.0,12,12.9,10,11.3,3,4,UPI,Afternoon,0
CUST00955,34,Male,Silver,25,1033.64,25095.2,9,1.19,2,44.2,6,15.2,10,7.9,0,4,Net Banking,Evening,0
CUST00956,47,Female,Basic,5,584.67,2767.88,63,0.51,3,45.9,0,45.9,3,11.9,2,1,Cash on Delivery,Afternoon,0
CUST00957,38,Female,Silver,2,1144.12,2201.43,306,1.37,6,53.8,1,7.4,6,10.9,0,3,Net Banking,Morning,1
CUST00958,40,Female,Basic,1,480.56,444.86,94,0.05,0,53.9,1,44.2,3,9.2,3,1,Wallet,Evening,1
CUST00959,41,Female,Basic,1,657.83,679.35,12,0.05,1,61.2,0,34.1,0,5.9,2,1,Debit Card,Afternoon,0
CUST00960,39,Female,Basic,1,775.01,774.03,227,0.05,1,36.8,0,30.5,0,2.6,1,1,Wallet,Morning,1
CUST00961,42,Female,Silver,9,400.63,3371.59,39,0.66,2,48.4,1,8.4,6,7.0,0,1,Credit Card,Morning,0
CUST00962,49,Male,Basic,8,1036.14,7853.7,219,0.56,3,54.2,3,2.5,4,9.7,1,4,Cash on Delivery,Night,1
CUST00963,37,Male,Basic,7,598.47,3922.87,147,0.54,3,67.3,0,36.6,7,7.1,1,3,UPI,Afternoon,1
CUST00964,42,Male,Gold,20,649.48,13223.61,16,1.45,3,37.3,4,15.9,11,10.8,0,1,Wallet,Afternoon,0
CUST00965,34,Female,Basic,1,678.77,634.7,365,0.05,3,41.8,0,28.5,1,7.2,1,1,Debit Card,Night,1
CUST00966,50,Female,Silver,11,958.9,10977.04,15,1.18,5,55.9,1,70.0,10,10.9,4,5,Debit Card,Evening,0
CUST00967,27,Female,Silver,9,928.22,7713.08,42,0.98,5,51.4,10,13.3,6,5.8,1,4,Net Banking,Morning,1
CUST00968,54,Male,Basic,1,830.4,797.1,9,0.76,2,33.3,0,32.9,3,9.6,0,4,Wallet,Evening,0
CUST00969,34,Female,Gold,4,1813.93,7709.25,19,0.74,4,34.0,3,11.3,2,6.6,0,1,Wallet,Morning,0
CUST00970,19,Female,Basic,10,704.21,7288.33,50,0.61,4,47.4,3,3.0,5,3.3,0,1,UPI,Morning,0
CUST00971,36,Female,Silver,9,1069.74,8969.85,1,0.48,1,55.1,3,22.3,10,8.0,0,2,UPI,Night,0
CUST00972,27,Female,Silver,1,922.24,969.62,51,0.76,6,70.6,0,34.9,2,14.3,1,2,UPI,Afternoon,1
CUST00973,44,Male,Silver,49,1422.28,69614.06,50,1.09,2,38.3,8,31.5,9,4.2,0,12,UPI,Evening,0
CUST00974,27,Female,Silver,13,556.53,7636.32,16,0.93,4,59.0,6,13.2,9,9.5,1,3,UPI,Evening,0
CUST00975,30,Male,Basic,2,675.42,1372.61,88,0.2,4,34.9,2,8.9,8,11.0,1,1,Net Banking,Afternoon,0
CUST00976,18,Male,Basic,3,661.83,2043.25,114,0.5,8,60.3,1,15.2,13,16.7,1,1,Credit Card,Evening,1
CUST00977,30,Female,Gold,7,1841.58,13908.94,52,0.86,4,71.2,1,14.0,10,7.3,0,1,Net Banking,Morning,0
CUST00978,18,Female,Silver,15,725.53,10416.87,8,1.3,4,51.3,0,11.9,10,7.4,1,3,Credit Card,Afternoon,0
CUST00979,18,Female,Gold,24,767.66,18789.21,9,1.33,6,41.4,7,21.5,4,5.5,1,3,Debit Card,Evening,0
CUST00980,43,Female,Gold,19,1565.87,29562.65,304,1.79,2,60.5,5,13.2,6,14.1,0,4,UPI,Afternoon,0
CUST00981,43,Female,Gold,6,1618.12,8993.31,259,1.22,5,54.5,2,11.6,11,6.4,0,3,Net Banking,Evening,0
CUST00982,39,Female,Silver,3,1346.23,3724.95,7,0.72,4,56.1,1,6.9,2,7.6,1,1,Net Banking,Morning,0
CUST00983,24,Female,Basic,1,418.79,393.28,48,0.23,4,45.9,0,44.3,5,1.8,1,1,UPI,Evening,1
CUST00984,34,Male,Gold,45,1984.97,91454.44,40,1.71,6,50.7,15,7.0,7,13.1,0,6,Credit Card,Evening,0
CUST00985,34,Male,Silver,11,1579.73,17563.77,213,0.65,0,46.6,2,42.9,10,12.8,1,3,UPI,Afternoon,1
CUST00986,22,Male,Basic,12,581.25,7034.63,176,0.73,2,57.9,3,5.7,4,11.8,2,5,Wallet,Night,1
CUST00987,51,Male,Gold,24,957.8,21265.39,35,1.27,1,50.5,8,19.1,8,3.9,0,4,Net Banking,Evening,0
CUST00988,44,Male,Gold,7,1329.07,9257.8,121,0.71,7,67.3,2,3.2,5,11.0,0,2,Debit Card,Night,0
CUST00989,32,Male,Silver,12,953.73,12222.31,10,0.7,3,47.5,3,58.6,0,3.0,2,1,UPI,Afternoon,0
CUST00990,35,Male,Basic,1,752.61,740.28,365,0.09,2,57.5,0,23.8,6,8.3,0,2,UPI,Night,1
CUST00991,37,Other,Basic,8,542.37,4425.69,1,0.51,3,65.5,1,49.8,9,9.3,4,1,UPI,Evening,0
CUST00992,18,Male,Gold,4,2153.18,8998.32,34,0.98,5,49.3,2,7.8,5,10.3,1,1,UPI,Evening,0
CUST00993,32,Female,Platinum,3,1788.62,5609.62,180,2.42,6,40.3,2,7.8,15,12.8,0,1,UPI,Night,0
CUST00994,27,Male,Basic,6,333.46,2006.93,273,0.47,0,51.4,1,2.7,3,8.5,0,2,UPI,Evening,1
CUST00995,23,Female,Basic,4,851.42,3600.73,136,0.44,5,54.5,3,51.4,5,1.7,1,1,Debit Card,Night,1
CUST00996,31,Male,Gold,2,544.66,1070.39,35,1.63,1,55.0,1,6.6,9,11.8,1,1,Credit Card,Evening,0
CUST00997,54,Male,Basic,23,612.85,14972.17,1,0.84,4,75.3,12,6.1,9,9.3,2,2,Credit Card,Evening,0
CUST00998,42,Female,Silver,18,1779.3,30696.22,32,0.89,4,32.7,5,11.7,10,5.9,2,4,Debit Card,Afternoon,0
CUST00999,28,Male,Platinum,22,2591.23,55002.39,8,1.83,7,30.2,8,35.7,10,4.7,0,1,Debit Card,Morning,0
CUST01000,41,Male,Basic,1,446.02,414.13,215,0.05,0,57.9,0,45.9,2,13.5,2,1,Debit Card,Evening,1
